table_name,column_name,data_type,definition,source_type,source_name,source_reference,raw_derived_synthetic,generation_logic,business_purpose
dim_locality,locality_id,INTEGER,Key for the selected Delhi NCR micro-market.,CONFIG,source scope,data/external/micro_markets.csv,CONFIG,Stable key or row-level source label.,Geographic grouping and market context
dim_locality,city_id,INTEGER,City id.,CONFIG,source scope,data/external/micro_markets.csv,CONFIG,Stable key or row-level source label.,Geographic grouping and market context
dim_locality,locality_name,TEXT,Locality name.,DERIVED,OpenStreetMap,data/external/osm_features_snapshot.json,DERIVED,Locality name from the curated scope; station presence calculated within 1.8km of its OSM centre.,Geographic grouping and market context
dim_locality,micro_market_type,TEXT,Micro market type.,ASSUMED,Analyst classification,data/external/micro_markets.csv,ASSUMED,Transparent market classification; metro line count is conservatively one when a station is observed.,Geographic grouping and market context
dim_locality,has_metro_station,BOOLEAN,Has metro station.,DERIVED,OpenStreetMap,data/external/osm_features_snapshot.json,DERIVED,Locality name from the curated scope; station presence calculated within 1.8km of its OSM centre.,Geographic grouping and market context
dim_locality,metro_line_count,INTEGER,Metro line count.,ASSUMED,Analyst classification,data/external/micro_markets.csv,ASSUMED,Transparent market classification; metro line count is conservatively one when a station is observed.,Geographic grouping and market context
dim_locality,population_density_band,TEXT,Population density band.,ASSUMED,Analyst classification,data/external/micro_markets.csv,ASSUMED,Transparent market classification; metro line count is conservatively one when a station is observed.,Geographic grouping and market context
dim_locality,record_source,TEXT,Record source.,CONFIG,source scope,data/external/micro_markets.csv,CONFIG,Stable key or row-level source label.,Geographic grouping and market context
owners,owner_id,INTEGER,Key for the simulated operator controlling the lot.,SYNTHETIC,Deterministic generator,python/etl/synthetic_generation.py,SYNTHETIC,"Owner digital maturity drives related payment, system, willingness and flexibility variables with noise.",Acquisition feasibility and BD funnel input
owners,owner_code,TEXT,Owner code.,SYNTHETIC,Deterministic generator,python/etl/synthetic_generation.py,SYNTHETIC,"Owner digital maturity drives related payment, system, willingness and flexibility variables with noise.",Acquisition feasibility and BD funnel input
owners,owner_name,TEXT,Owner name.,SYNTHETIC,Deterministic generator,python/etl/synthetic_generation.py,SYNTHETIC,"Owner digital maturity drives related payment, system, willingness and flexibility variables with noise.",Acquisition feasibility and BD funnel input
owners,owner_type,TEXT,Owner type.,SYNTHETIC,Deterministic generator,python/etl/synthetic_generation.py,SYNTHETIC,"Owner digital maturity drives related payment, system, willingness and flexibility variables with noise.",Acquisition feasibility and BD funnel input
owners,years_operating,INTEGER,Years operating.,SYNTHETIC,Deterministic generator,python/etl/synthetic_generation.py,SYNTHETIC,"Owner digital maturity drives related payment, system, willingness and flexibility variables with noise.",Acquisition feasibility and BD funnel input
owners,digital_payment_enabled,BOOLEAN,Digital payment enabled.,SYNTHETIC,Deterministic generator,python/etl/synthetic_generation.py,SYNTHETIC,"Owner digital maturity drives related payment, system, willingness and flexibility variables with noise.",Acquisition feasibility and BD funnel input
owners,management_system,TEXT,Management system.,SYNTHETIC,Deterministic generator,python/etl/synthetic_generation.py,SYNTHETIC,"Owner digital maturity drives related payment, system, willingness and flexibility variables with noise.",Acquisition feasibility and BD funnel input
owners,willingness_to_digitize,TEXT,Willingness to digitize.,SYNTHETIC,Deterministic generator,python/etl/synthetic_generation.py,SYNTHETIC,"Owner digital maturity drives related payment, system, willingness and flexibility variables with noise.",Acquisition feasibility and BD funnel input
owners,contract_flexibility,TEXT,Contract flexibility.,SYNTHETIC,Deterministic generator,python/etl/synthetic_generation.py,SYNTHETIC,"Owner digital maturity drives related payment, system, willingness and flexibility variables with noise.",Acquisition feasibility and BD funnel input
owners,decision_maker_accessible,BOOLEAN,Decision maker accessible.,SYNTHETIC,Deterministic generator,python/etl/synthetic_generation.py,SYNTHETIC,"Owner digital maturity drives related payment, system, willingness and flexibility variables with noise.",Acquisition feasibility and BD funnel input
parking_lots,parking_id,INTEGER,Stable key for one candidate parking facility.,CONFIG,ETL configuration,python/config.py,CONFIG,Stable key or explicit per-value provenance label.,"Master inventory, joins and auditability"
parking_lots,lot_code,TEXT,Lot code.,CONFIG,ETL configuration,python/config.py,CONFIG,Stable key or explicit per-value provenance label.,"Master inventory, joins and auditability"
parking_lots,lot_name,TEXT,Lot name.,DERIVED,OpenStreetMap plus deterministic mapping,python/etl/cleaning.py,DERIVED,Normalised OSM name/type or calculated traceability flag.,"Master inventory, joins and auditability"
parking_lots,locality_id,INTEGER,Key for the selected Delhi NCR micro-market.,CONFIG,ETL configuration,python/config.py,CONFIG,Stable key or explicit per-value provenance label.,"Master inventory, joins and auditability"
parking_lots,owner_id,INTEGER,Key for the simulated operator controlling the lot.,SYNTHETIC,Deterministic generator,python/etl/synthetic_generation.py,SYNTHETIC,"Generated from parking type, market character and owner profile with a fixed seed.","Master inventory, joins and auditability"
parking_lots,latitude,"NUMERIC(9,6)",WGS84 latitude of the OSM parking feature centroid or node.,PUBLIC,OpenStreetMap,data/external/osm_features_snapshot.json,RAW,Copied from the cached OSM element or its source URL.,"Master inventory, joins and auditability"
parking_lots,longitude,"NUMERIC(9,6)",WGS84 longitude of the OSM parking feature centroid or node.,PUBLIC,OpenStreetMap,data/external/osm_features_snapshot.json,RAW,Copied from the cached OSM element or its source URL.,"Master inventory, joins and auditability"
parking_lots,parking_type,TEXT,Parking type.,ASSUMED,OSM tags plus analyst type mix,python/etl/synthetic_generation.py,ASSUMED,Uses an explicit OSM parking tag/name where present; otherwise applies a market-aware assumed type mix.,"Master inventory, joins and auditability"
parking_lots,surface_type,TEXT,Surface type.,SYNTHETIC,Deterministic generator,python/etl/synthetic_generation.py,SYNTHETIC,"Generated from parking type, market character and owner profile with a fixed seed.","Master inventory, joins and auditability"
parking_lots,capacity_cars,INTEGER,Concurrent four-wheeler bay capacity.,SYNTHETIC,Deterministic generator,python/etl/synthetic_generation.py,SYNTHETIC,"Generated from parking type, market character and owner profile with a fixed seed.","Master inventory, joins and auditability"
parking_lots,hourly_rate_inr,"NUMERIC(6,2)",Synthetic customer tariff in Indian rupees per hour.,SYNTHETIC,Deterministic generator,python/etl/synthetic_generation.py,SYNTHETIC,"Generated from parking type, market character and owner profile with a fixed seed.","Master inventory, joins and auditability"
parking_lots,monthly_pass_inr,"NUMERIC(8,2)",Monthly pass inr.,SYNTHETIC,Deterministic generator,python/etl/synthetic_generation.py,SYNTHETIC,"Generated from parking type, market character and owner profile with a fixed seed.","Master inventory, joins and auditability"
parking_lots,is_24x7,BOOLEAN,Is 24x7.,SYNTHETIC,Deterministic generator,python/etl/synthetic_generation.py,SYNTHETIC,"Generated from parking type, market character and owner profile with a fixed seed.","Master inventory, joins and auditability"
parking_lots,opens_at,TIME,Opens at.,SYNTHETIC,Deterministic generator,python/etl/synthetic_generation.py,SYNTHETIC,"Generated from parking type, market character and owner profile with a fixed seed.","Master inventory, joins and auditability"
parking_lots,closes_at,TIME,Closes at.,SYNTHETIC,Deterministic generator,python/etl/synthetic_generation.py,SYNTHETIC,"Generated from parking type, market character and owner profile with a fixed seed.","Master inventory, joins and auditability"
parking_lots,has_covered_parking,BOOLEAN,Has covered parking.,SYNTHETIC,Deterministic generator,python/etl/synthetic_generation.py,SYNTHETIC,"Generated from parking type, market character and owner profile with a fixed seed.","Master inventory, joins and auditability"
parking_lots,has_security_staff,BOOLEAN,Has security staff.,SYNTHETIC,Deterministic generator,python/etl/synthetic_generation.py,SYNTHETIC,"Generated from parking type, market character and owner profile with a fixed seed.","Master inventory, joins and auditability"
parking_lots,has_cctv,BOOLEAN,Has cctv.,SYNTHETIC,Deterministic generator,python/etl/synthetic_generation.py,SYNTHETIC,"Generated from parking type, market character and owner profile with a fixed seed.","Master inventory, joins and auditability"
parking_lots,record_source,TEXT,Record source.,CONFIG,ETL configuration,python/config.py,CONFIG,Stable key or explicit per-value provenance label.,"Master inventory, joins and auditability"
parking_lots,source_name,TEXT,Source name.,PUBLIC,OpenStreetMap,data/external/osm_features_snapshot.json,RAW,Copied from the cached OSM element or its source URL.,"Master inventory, joins and auditability"
parking_lots,source_reference,TEXT,Source reference.,PUBLIC,OpenStreetMap,data/external/osm_features_snapshot.json,RAW,Copied from the cached OSM element or its source URL.,"Master inventory, joins and auditability"
parking_lots,source_observed_on,DATE,Source observed on.,PUBLIC,OpenStreetMap,data/external/osm_features_snapshot.json,RAW,Copied from the cached OSM element or its source URL.,"Master inventory, joins and auditability"
parking_lots,capacity_source_type,TEXT,Capacity source type.,CONFIG,ETL configuration,python/config.py,CONFIG,Stable key or explicit per-value provenance label.,"Master inventory, joins and auditability"
parking_lots,price_source_type,TEXT,Price source type.,CONFIG,ETL configuration,python/config.py,CONFIG,Stable key or explicit per-value provenance label.,"Master inventory, joins and auditability"
parking_lots,hours_source_type,TEXT,Hours source type.,CONFIG,ETL configuration,python/config.py,CONFIG,Stable key or explicit per-value provenance label.,"Master inventory, joins and auditability"
parking_lots,amenities_source_type,TEXT,Amenities source type.,CONFIG,ETL configuration,python/config.py,CONFIG,Stable key or explicit per-value provenance label.,"Master inventory, joins and auditability"
parking_lots,data_quality_flag,TEXT,"Traceability/attribute completeness flag: High, Medium or Fallback.",DERIVED,OpenStreetMap plus deterministic mapping,python/etl/cleaning.py,DERIVED,Normalised OSM name/type or calculated traceability flag.,"Master inventory, joins and auditability"
parking_lots,osm_id,INTEGER,Osm id.,PUBLIC,OpenStreetMap,data/external/osm_features_snapshot.json,RAW,Copied from the cached OSM element or its source URL.,"Master inventory, joins and auditability"
parking_lots,created_at,TIMESTAMPTZ,Created at.,SYNTHETIC,Deterministic generator,python/etl/synthetic_generation.py,SYNTHETIC,"Generated from parking type, market character and owner profile with a fixed seed.","Master inventory, joins and auditability"
location_demand,parking_id,INTEGER,Stable key for one candidate parking facility.,CONFIG,ETL configuration,python/config.py,CONFIG,"Join key, snapshot date or source label.",Demand and revenue analysis input
location_demand,metro_distance_m,TEXT,"Great-circle distance to the nearest OSM metro station, metres.",DERIVED,OpenStreetMap,data/external/osm_features_snapshot.json,DERIVED,Haversine distance or radius count calculated from cached OSM coordinates.,Demand and revenue analysis input
location_demand,nearest_metro_station,TEXT,Nearest metro station.,DERIVED,OpenStreetMap,data/external/osm_features_snapshot.json,DERIVED,Haversine distance or radius count calculated from cached OSM coordinates.,Demand and revenue analysis input
location_demand,mall_distance_m,TEXT,"Great-circle distance to the nearest OSM mall/retail building, metres.",DERIVED,OpenStreetMap,data/external/osm_features_snapshot.json,DERIVED,Haversine distance or radius count calculated from cached OSM coordinates.,Demand and revenue analysis input
location_demand,office_count_500m,INTEGER,Office count 500m.,DERIVED,OpenStreetMap,data/external/osm_features_snapshot.json,DERIVED,Haversine distance or radius count calculated from cached OSM coordinates.,Demand and revenue analysis input
location_demand,retail_count_500m,INTEGER,Retail count 500m.,DERIVED,OpenStreetMap,data/external/osm_features_snapshot.json,DERIVED,Haversine distance or radius count calculated from cached OSM coordinates.,Demand and revenue analysis input
location_demand,restaurant_count_500m,INTEGER,Restaurant count 500m.,DERIVED,OpenStreetMap,data/external/osm_features_snapshot.json,DERIVED,Haversine distance or radius count calculated from cached OSM coordinates.,Demand and revenue analysis input
location_demand,hospital_count_1km,INTEGER,Hospital count 1km.,DERIVED,OpenStreetMap,data/external/osm_features_snapshot.json,DERIVED,Haversine distance or radius count calculated from cached OSM coordinates.,Demand and revenue analysis input
location_demand,education_count_1km,INTEGER,Education count 1km.,DERIVED,OpenStreetMap,data/external/osm_features_snapshot.json,DERIVED,Haversine distance or radius count calculated from cached OSM coordinates.,Demand and revenue analysis input
location_demand,transit_stop_count_500m,INTEGER,Transit stop count 500m.,DERIVED,OpenStreetMap,data/external/osm_features_snapshot.json,DERIVED,Haversine distance or radius count calculated from cached OSM coordinates.,Demand and revenue analysis input
location_demand,measured_on,DATE,Measured on.,CONFIG,ETL configuration,python/config.py,CONFIG,"Join key, snapshot date or source label.",Demand and revenue analysis input
location_demand,record_source,TEXT,Record source.,CONFIG,ETL configuration,python/config.py,CONFIG,"Join key, snapshot date or source label.",Demand and revenue analysis input
competition,parking_id,INTEGER,Stable key for one candidate parking facility.,CONFIG,ETL configuration,python/config.py,CONFIG,"Join key, snapshot date or source label.",Competition opportunity input
competition,competitor_count_500m,INTEGER,Directly comparable OSM parking facilities within 500 metres.,DERIVED,OpenStreetMap,data/external/osm_features_snapshot.json,DERIVED,Radius count/distance from accessible comparable OSM parking; capacity sums only published capacity tags.,Competition opportunity input
competition,competitor_count_1km,INTEGER,Directly comparable OSM parking facilities within one kilometre.,DERIVED,OpenStreetMap,data/external/osm_features_snapshot.json,DERIVED,Radius count/distance from accessible comparable OSM parking; capacity sums only published capacity tags.,Competition opportunity input
competition,nearest_competitor_distance_m,TEXT,Great-circle distance to the nearest direct competitor within one kilometre.,DERIVED,OpenStreetMap,data/external/osm_features_snapshot.json,DERIVED,Radius count/distance from accessible comparable OSM parking; capacity sums only published capacity tags.,Competition opportunity input
competition,competitor_avg_hourly_rate_inr,TEXT,Competitor avg hourly rate inr.,SYNTHETIC,Deterministic generator,python/etl/synthetic_generation.py,SYNTHETIC,Generated because comparable public tariff/platform-listing coverage is unavailable.,Competition opportunity input
competition,competitor_total_capacity_1km,INTEGER,Sum of published OSM capacities among direct competitors within one kilometre; null when none publish capacity.,DERIVED,OpenStreetMap,data/external/osm_features_snapshot.json,DERIVED,Radius count/distance from accessible comparable OSM parking; capacity sums only published capacity tags.,Competition opportunity input
competition,aggregator_listed_count_1km,INTEGER,Aggregator listed count 1km.,SYNTHETIC,Deterministic generator,python/etl/synthetic_generation.py,SYNTHETIC,Generated because comparable public tariff/platform-listing coverage is unavailable.,Competition opportunity input
competition,measured_on,DATE,Measured on.,CONFIG,ETL configuration,python/config.py,CONFIG,"Join key, snapshot date or source label.",Competition opportunity input
competition,record_source,TEXT,Record source.,CONFIG,ETL configuration,python/config.py,CONFIG,"Join key, snapshot date or source label.",Competition opportunity input
lot_acquisition_terms,parking_id,INTEGER,Stable key for one candidate parking facility.,CONFIG,ETL configuration,python/config.py,CONFIG,Stable key or deterministic time grain.,Acquisition feasibility and BD funnel input
lot_acquisition_terms,expected_commission_pct,"NUMERIC(4,2)",Expected commission pct.,SYNTHETIC,Deterministic generator,python/etl/synthetic_generation.py,SYNTHETIC,Relationship-aware simulation with fixed seed and documented noise.,Acquisition feasibility and BD funnel input
lot_acquisition_terms,estimated_onboarding_cost_inr,"NUMERIC(10,2)",Estimated onboarding cost inr.,SYNTHETIC,Deterministic generator,python/etl/synthetic_generation.py,SYNTHETIC,Relationship-aware simulation with fixed seed and documented noise.,Acquisition feasibility and BD funnel input
lot_acquisition_terms,documentation_readiness,INTEGER,Documentation readiness.,SYNTHETIC,Deterministic generator,python/etl/synthetic_generation.py,SYNTHETIC,Relationship-aware simulation with fixed seed and documented noise.,Acquisition feasibility and BD funnel input
lot_acquisition_terms,operational_complexity,INTEGER,Operational complexity.,SYNTHETIC,Deterministic generator,python/etl/synthetic_generation.py,SYNTHETIC,Relationship-aware simulation with fixed seed and documented noise.,Acquisition feasibility and BD funnel input
lot_acquisition_terms,exclusivity_possible,BOOLEAN,Exclusivity possible.,SYNTHETIC,Deterministic generator,python/etl/synthetic_generation.py,SYNTHETIC,Relationship-aware simulation with fixed seed and documented noise.,Acquisition feasibility and BD funnel input
lot_acquisition_terms,requires_capex,BOOLEAN,Requires capex.,SYNTHETIC,Deterministic generator,python/etl/synthetic_generation.py,SYNTHETIC,Relationship-aware simulation with fixed seed and documented noise.,Acquisition feasibility and BD funnel input
lot_acquisition_terms,estimated_setup_days,INTEGER,Estimated setup days.,SYNTHETIC,Deterministic generator,python/etl/synthetic_generation.py,SYNTHETIC,Relationship-aware simulation with fixed seed and documented noise.,Acquisition feasibility and BD funnel input
lot_acquisition_terms,quoted_on,DATE,Quoted on.,CONFIG,ETL configuration,python/config.py,CONFIG,Stable key or deterministic time grain.,Acquisition feasibility and BD funnel input
existing_network_sites,network_site_id,INTEGER,Network site id.,CONFIG,ETL configuration,python/config.py,CONFIG,Stable key or deterministic time grain.,Strategic coverage-gap input
existing_network_sites,site_code,TEXT,Site code.,CONFIG,ETL configuration,python/config.py,CONFIG,Stable key or deterministic time grain.,Strategic coverage-gap input
existing_network_sites,locality_id,INTEGER,Key for the selected Delhi NCR micro-market.,CONFIG,ETL configuration,python/config.py,CONFIG,Stable key or deterministic time grain.,Strategic coverage-gap input
existing_network_sites,latitude,"NUMERIC(9,6)",WGS84 latitude of the OSM parking feature centroid or node.,SYNTHETIC,Deterministic generator,python/etl/synthetic_generation.py,SYNTHETIC,Relationship-aware simulation with fixed seed and documented noise.,Strategic coverage-gap input
existing_network_sites,longitude,"NUMERIC(9,6)",WGS84 longitude of the OSM parking feature centroid or node.,SYNTHETIC,Deterministic generator,python/etl/synthetic_generation.py,SYNTHETIC,Relationship-aware simulation with fixed seed and documented noise.,Strategic coverage-gap input
existing_network_sites,capacity_cars,INTEGER,Concurrent four-wheeler bay capacity.,SYNTHETIC,Deterministic generator,python/etl/synthetic_generation.py,SYNTHETIC,Relationship-aware simulation with fixed seed and documented noise.,Strategic coverage-gap input
existing_network_sites,live_since,DATE,Live since.,SYNTHETIC,Deterministic generator,python/etl/synthetic_generation.py,SYNTHETIC,Relationship-aware simulation with fixed seed and documented noise.,Strategic coverage-gap input
existing_network_sites,site_status,TEXT,Site status.,SYNTHETIC,Deterministic generator,python/etl/synthetic_generation.py,SYNTHETIC,Relationship-aware simulation with fixed seed and documented noise.,Strategic coverage-gap input
fact_lot_daily,parking_id,INTEGER,Stable key for one candidate parking facility.,CONFIG,ETL configuration,python/config.py,CONFIG,Stable key or deterministic time grain.,Demand and revenue analysis input
fact_lot_daily,activity_date,DATE,Activity date.,CONFIG,ETL configuration,python/config.py,CONFIG,Stable key or deterministic time grain.,Demand and revenue analysis input
fact_lot_daily,peak_occupancy_rate,"NUMERIC(5,4)","Maximum concurrent occupied share that day, expressed from 0 to 1.",SYNTHETIC,Deterministic generator,python/etl/synthetic_generation.py,SYNTHETIC,Relationship-aware simulation with fixed seed and documented noise.,Demand and revenue analysis input
fact_lot_daily,avg_occupancy_rate,"NUMERIC(5,4)","Mean occupied share of capacity, expressed from 0 to 1.",SYNTHETIC,Deterministic generator,python/etl/synthetic_generation.py,SYNTHETIC,Relationship-aware simulation with fixed seed and documented noise.,Demand and revenue analysis input
fact_lot_daily,vehicle_entries,INTEGER,Vehicles served across all channels during the day.,SYNTHETIC,Deterministic generator,python/etl/synthetic_generation.py,SYNTHETIC,Relationship-aware simulation with fixed seed and documented noise.,Demand and revenue analysis input
fact_lot_daily,platform_bookings,INTEGER,Synthetic subset of vehicle entries attributed to the platform.,SYNTHETIC,Deterministic generator,python/etl/synthetic_generation.py,SYNTHETIC,Relationship-aware simulation with fixed seed and documented noise.,Demand and revenue analysis input
fact_lot_daily,booking_cancellations,INTEGER,Synthetic cancelled subset of platform bookings.,SYNTHETIC,Deterministic generator,python/etl/synthetic_generation.py,SYNTHETIC,Relationship-aware simulation with fixed seed and documented noise.,Demand and revenue analysis input
fact_lot_daily,gross_parking_revenue_inr,"NUMERIC(10,2)",Synthetic gross daily parking revenue earned by the operator.,SYNTHETIC,Deterministic generator,python/etl/synthetic_generation.py,SYNTHETIC,Relationship-aware simulation with fixed seed and documented noise.,Demand and revenue analysis input
fact_lot_daily,avg_park_duration_hours,"NUMERIC(4,2)",Avg park duration hours.,SYNTHETIC,Deterministic generator,python/etl/synthetic_generation.py,SYNTHETIC,Relationship-aware simulation with fixed seed and documented noise.,Demand and revenue analysis input
fact_lot_hourly_profile,parking_id,INTEGER,Stable key for one candidate parking facility.,CONFIG,ETL configuration,python/config.py,CONFIG,Stable key or deterministic time grain.,Demand and revenue analysis input
fact_lot_hourly_profile,day_type,TEXT,Day type.,CONFIG,ETL configuration,python/config.py,CONFIG,Stable key or deterministic time grain.,Demand and revenue analysis input
fact_lot_hourly_profile,hour_of_day,INTEGER,Hour of day.,CONFIG,ETL configuration,python/config.py,CONFIG,Stable key or deterministic time grain.,Demand and revenue analysis input
fact_lot_hourly_profile,avg_occupancy_rate,"NUMERIC(5,4)","Mean occupied share of capacity, expressed from 0 to 1.",SYNTHETIC,Deterministic generator,python/etl/synthetic_generation.py,SYNTHETIC,Relationship-aware simulation with fixed seed and documented noise.,Demand and revenue analysis input
fact_lot_hourly_profile,avg_entries,"NUMERIC(6,2)",Avg entries.,SYNTHETIC,Deterministic generator,python/etl/synthetic_generation.py,SYNTHETIC,Relationship-aware simulation with fixed seed and documented noise.,Demand and revenue analysis input
outreach,lead_id,INTEGER,Lead id.,CONFIG,ETL configuration,python/etl/synthetic_generation.py,CONFIG,Stable join key or anonymous workload label.,Acquisition feasibility and BD funnel input
outreach,parking_id,INTEGER,Stable key for one candidate parking facility.,CONFIG,ETL configuration,python/etl/synthetic_generation.py,CONFIG,Stable join key or anonymous workload label.,Acquisition feasibility and BD funnel input
outreach,lead_source,TEXT,Lead source.,SYNTHETIC,Deterministic generator,python/etl/synthetic_generation.py,SYNTHETIC,"Sequential transition model driven by readiness, accessibility and lead-source quality with noise.",Acquisition feasibility and BD funnel input
outreach,first_contact_date,DATE,First contact date.,SYNTHETIC,Deterministic generator,python/etl/synthetic_generation.py,SYNTHETIC,"Sequential transition model driven by readiness, accessibility and lead-source quality with noise.",Acquisition feasibility and BD funnel input
outreach,contact_attempts,INTEGER,Contact attempts.,SYNTHETIC,Deterministic generator,python/etl/synthetic_generation.py,SYNTHETIC,"Sequential transition model driven by readiness, accessibility and lead-source quality with noise.",Acquisition feasibility and BD funnel input
outreach,furthest_stage_id,INTEGER,Deepest sequential BD funnel stage reached by the lead.,SYNTHETIC,Deterministic generator,python/etl/synthetic_generation.py,SYNTHETIC,"Sequential transition model driven by readiness, accessibility and lead-source quality with noise.",Acquisition feasibility and BD funnel input
outreach,pipeline_status,TEXT,Pipeline status.,SYNTHETIC,Deterministic generator,python/etl/synthetic_generation.py,SYNTHETIC,"Sequential transition model driven by readiness, accessibility and lead-source quality with noise.",Acquisition feasibility and BD funnel input
outreach,lost_reason,TEXT,Lost reason.,SYNTHETIC,Deterministic generator,python/etl/synthetic_generation.py,SYNTHETIC,"Sequential transition model driven by readiness, accessibility and lead-source quality with noise.",Acquisition feasibility and BD funnel input
outreach,documents_available,BOOLEAN,Documents available.,SYNTHETIC,Deterministic generator,python/etl/synthetic_generation.py,SYNTHETIC,"Sequential transition model driven by readiness, accessibility and lead-source quality with noise.",Acquisition feasibility and BD funnel input
outreach,owner_interest_level,INTEGER,Owner interest level.,SYNTHETIC,Deterministic generator,python/etl/synthetic_generation.py,SYNTHETIC,"Sequential transition model driven by readiness, accessibility and lead-source quality with noise.",Acquisition feasibility and BD funnel input
outreach,conversion_date,DATE,Conversion date.,SYNTHETIC,Deterministic generator,python/etl/synthetic_generation.py,SYNTHETIC,"Sequential transition model driven by readiness, accessibility and lead-source quality with noise.",Acquisition feasibility and BD funnel input
outreach,assigned_bd_rep,TEXT,Assigned bd rep.,CONFIG,ETL configuration,python/etl/synthetic_generation.py,CONFIG,Stable join key or anonymous workload label.,Acquisition feasibility and BD funnel input
outreach,days_to_conversion,INTEGER,Conversion date minus first contact date in calendar days.,DERIVED,PostgreSQL generated column,database/schema/04_bd_pipeline.sql,DERIVED,conversion_date minus first_contact_date.,Acquisition feasibility and BD funnel input
outreach_events,event_id,INTEGER,Event id.,CONFIG,Funnel configuration,database/seeds/01_seed_reference.sql,CONFIG,Stable key or sequential stage key.,Acquisition feasibility and BD funnel input
outreach_events,lead_id,INTEGER,Lead id.,CONFIG,Funnel configuration,database/seeds/01_seed_reference.sql,CONFIG,Stable key or sequential stage key.,Acquisition feasibility and BD funnel input
outreach_events,stage_id,INTEGER,Stage id.,CONFIG,Funnel configuration,database/seeds/01_seed_reference.sql,CONFIG,Stable key or sequential stage key.,Acquisition feasibility and BD funnel input
outreach_events,event_date,DATE,Event date.,SYNTHETIC,Deterministic generator,python/etl/synthetic_generation.py,SYNTHETIC,Contiguous dated stage-entry sequence.,Acquisition feasibility and BD funnel input
outreach_events,channel,TEXT,Channel.,SYNTHETIC,Deterministic generator,python/etl/synthetic_generation.py,SYNTHETIC,Contiguous dated stage-entry sequence.,Acquisition feasibility and BD funnel input
