parking_id,lot_code,lot_name,locality_id,owner_id,latitude,longitude,parking_type,surface_type,capacity_cars,hourly_rate_inr,monthly_pass_inr,is_24x7,opens_at,closes_at,has_covered_parking,has_security_staff,has_cctv,record_source,source_name,source_reference,source_observed_on,data_quality_flag,osm_id,parking_display_name,capacity_segment,operating_hours_label
1,LOT-0001,OSM Parking node-928559154,1,1,28.631596,77.220415,Basement,Paved,219,95.0,,False,06:00:00,23:00:00,True,True,True,public_osm,OpenStreetMap,https://www.openstreetmap.org/node/928559154,2026-08-16,Fallback,928559154,Basement · Connaught Place #1,Q3 Large,06:00-23:00
2,LOT-0002,OSM Parking node-928559077,1,2,28.631815,77.220799,Office Complex,Paved,416,85.0,,False,06:00:00,22:00:00,True,True,True,public_osm,OpenStreetMap,https://www.openstreetmap.org/node/928559077,2026-08-16,Fallback,928559077,Office Complex · Connaught Place,Q4 Very Large,06:00-22:00
3,LOT-0003,Palika Parking,1,1,28.631302,77.217887,Basement,Paved,86,125.0,9200.0,False,06:00:00,00:00:00,True,True,True,public_osm,OpenStreetMap,https://www.openstreetmap.org/way/1393736859,2026-08-16,Medium,1393736859,Palika Parking,Q1 Small,06:00-00:00
4,LOT-0004,OSM Parking way-1306327527,1,3,28.631979,77.221279,Surface Lot,Paved,112,65.0,,True,,,False,True,True,public_osm,OpenStreetMap,https://www.openstreetmap.org/way/1306327527,2026-08-16,Fallback,1306327527,Surface Lot · Connaught Place #4,Q2 Medium,24 hours
5,LOT-0005,OSM Parking way-1306327526,1,4,28.631762,77.221307,Surface Lot,Mixed,108,60.0,4000.0,False,06:00:00,23:00:00,False,True,False,public_osm,OpenStreetMap,https://www.openstreetmap.org/way/1306327526,2026-08-16,Fallback,1306327526,Surface Lot · Connaught Place #5,Q2 Medium,06:00-23:00
6,LOT-0006,OSM Parking node-928558934,1,5,28.632443,77.221215,Basement,Paved,296,80.0,7000.0,True,,,True,True,True,public_osm,OpenStreetMap,https://www.openstreetmap.org/node/928558934,2026-08-16,Fallback,928558934,Basement · Connaught Place #6,Q4 Very Large,24 hours
7,LOT-0007,OSM Parking way-1237304338,1,6,28.632712,77.221112,Surface Lot,Mixed,70,105.0,7500.0,False,06:00:00,23:00:00,False,True,True,public_osm,OpenStreetMap,https://www.openstreetmap.org/way/1237304338,2026-08-16,Fallback,1237304338,Surface Lot · Connaught Place #7,Q1 Small,06:00-23:00
8,LOT-0008,OSM Parking node-5634145022,1,2,28.631291,77.221454,Basement,Paved,158,125.0,9200.0,False,06:00:00,22:00:00,True,True,True,public_osm,OpenStreetMap,https://www.openstreetmap.org/node/5634145022,2026-08-16,Fallback,5634145022,Basement · Connaught Place #8,Q3 Large,06:00-22:00
9,LOT-0009,OSM Parking node-928559229,1,7,28.633774,77.218632,Surface Lot,Paved,125,90.0,7300.0,False,06:00:00,22:00:00,True,True,True,public_osm,OpenStreetMap,https://www.openstreetmap.org/node/928559229,2026-08-16,Fallback,928559229,Surface Lot · Connaught Place #9,Q2 Medium,06:00-22:00
10,LOT-0010,Gurudwara Bangla Sahib Parking Gate No 2,1,8,28.625534,77.209658,Surface Lot,Paved,98,75.0,6600.0,False,06:00:00,22:00:00,False,False,False,public_osm,OpenStreetMap,https://www.openstreetmap.org/node/14044922668,2026-08-16,Medium,14044922668,Gurudwara Bangla Sahib Parking Gate No 2,Q2 Medium,06:00-22:00
11,LOT-0011,Parliament Visitor Parking,1,1,28.616201,77.210017,Surface Lot,Paved,161,65.0,,False,06:00:00,22:00:00,False,True,True,public_osm,OpenStreetMap,https://www.openstreetmap.org/node/943245928,2026-08-16,Medium,943245928,Parliament Visitor Parking,Q3 Large,06:00-22:00
12,LOT-0012,OSM Parking way-454517227,2,2,28.547734,77.253097,Basement,Paved,128,65.0,5100.0,False,06:00:00,00:00:00,True,False,True,public_osm,OpenStreetMap,https://www.openstreetmap.org/way/454517227,2026-08-16,Fallback,454517227,Basement · Nehru Place #12,Q2 Medium,06:00-00:00
13,LOT-0013,OSM Parking way-1298783157,2,9,28.547711,77.252795,Multi-Level (MLCP),Paved,499,60.0,4700.0,True,,,True,True,False,public_osm,OpenStreetMap,https://www.openstreetmap.org/way/1298783157,2026-08-16,Fallback,1298783157,Multi-Level (MLCP) · Nehru Place #13,Q4 Very Large,24 hours
14,LOT-0014,OSM Parking way-1265773839,2,10,28.54792,77.251266,Basement,Paved,269,45.0,4100.0,False,06:00:00,00:00:00,True,True,True,public_osm,OpenStreetMap,https://www.openstreetmap.org/way/1265773839,2026-08-16,Fallback,1265773839,Basement · Nehru Place #14,Q3 Large,06:00-00:00
15,LOT-0015,Eros,2,10,28.549573,77.251974,Multi-Level (MLCP),Paved,418,50.0,,True,,,True,True,True,public_osm,OpenStreetMap,https://www.openstreetmap.org/way/40791008,2026-08-16,Medium,40791008,Eros,Q4 Very Large,24 hours
16,LOT-0016,OSM Parking way-1265773840,2,11,28.54764,77.250302,Basement,Paved,227,50.0,3500.0,True,,,True,True,True,public_osm,OpenStreetMap,https://www.openstreetmap.org/way/1265773840,2026-08-16,Fallback,1265773840,Basement · Nehru Place #16,Q3 Large,24 hours
17,LOT-0017,OSM Parking way-1265773838,2,5,28.54925,77.250231,Office Complex,Paved,196,60.0,,False,06:00:00,23:00:00,True,True,True,public_osm,OpenStreetMap,https://www.openstreetmap.org/way/1265773838,2026-08-16,Fallback,1265773838,Office Complex · Nehru Place #17,Q3 Large,06:00-23:00
18,LOT-0018,OSM Parking node-786590777,2,12,28.549236,77.250041,Office Complex,Paved,316,55.0,5000.0,True,,,False,True,True,public_osm,OpenStreetMap,https://www.openstreetmap.org/node/786590777,2026-08-16,Fallback,786590777,Office Complex · Nehru Place #18,Q4 Very Large,24 hours
19,LOT-0019,Metro Station Parking,2,7,28.550784,77.250783,Metro Station Parking,Paved,194,65.0,4700.0,True,,,True,True,True,public_osm,OpenStreetMap,https://www.openstreetmap.org/way/1258245106,2026-08-16,Medium,1258245106,Metro Station Parking,Q3 Large,24 hours
20,LOT-0020,OSM Parking way-454514534,2,13,28.551545,77.25604,Surface Lot,Paved,102,60.0,3800.0,False,06:00:00,23:00:00,False,True,True,public_osm,OpenStreetMap,https://www.openstreetmap.org/way/454514534,2026-08-16,Fallback,454514534,Surface Lot · Nehru Place,Q2 Medium,06:00-23:00
21,LOT-0021,OSM Parking way-1426212235,2,14,28.549313,77.258036,Multi-Level (MLCP),Paved,490,75.0,6800.0,False,06:00:00,22:00:00,True,False,False,public_osm,OpenStreetMap,https://www.openstreetmap.org/way/1426212235,2026-08-16,Fallback,1426212235,Multi-Level (MLCP) · Nehru Place #21,Q4 Very Large,06:00-22:00
22,LOT-0022,Lotus Temple Parking,2,15,28.552112,77.260688,Multi-Level (MLCP),Paved,364,65.0,5500.0,True,,,True,True,False,public_osm,OpenStreetMap,https://www.openstreetmap.org/way/330783890,2026-08-16,Medium,330783890,Lotus Temple Parking,Q4 Very Large,24 hours
23,LOT-0023,OSM Parking way-239641077,3,14,28.522899,77.208379,Office Complex,Paved,182,50.0,3900.0,False,06:00:00,00:00:00,True,True,False,public_osm,OpenStreetMap,https://www.openstreetmap.org/way/239641077,2026-08-16,Fallback,239641077,Office Complex · Saket #23,Q3 Large,06:00-00:00
24,LOT-0024,OSM Parking way-239641076,3,10,28.523904,77.207994,Surface Lot,Paved,108,40.0,2900.0,False,06:00:00,00:00:00,False,True,True,public_osm,OpenStreetMap,https://www.openstreetmap.org/way/239641076,2026-08-16,Fallback,239641076,Surface Lot · Saket #24,Q2 Medium,06:00-00:00
25,LOT-0025,OSM Parking way-150520028,3,16,28.528065,77.211485,Surface Lot,Paved,170,50.0,3500.0,False,06:00:00,22:00:00,False,True,False,public_osm,OpenStreetMap,https://www.openstreetmap.org/way/150520028,2026-08-16,Fallback,150520028,Surface Lot · Saket #25,Q3 Large,06:00-22:00
26,LOT-0026,OSM Parking way-633000310,3,17,28.528432,77.204868,Office Complex,Paved,407,35.0,2600.0,False,06:00:00,00:00:00,True,True,True,public_osm,OpenStreetMap,https://www.openstreetmap.org/way/633000310,2026-08-16,Fallback,633000310,Office Complex · Saket #26,Q4 Very Large,06:00-00:00
27,LOT-0027,Religare Parking,3,11,28.526932,77.217169,Office Complex,Paved,247,25.0,1600.0,False,06:00:00,00:00:00,False,True,True,public_osm,OpenStreetMap,https://www.openstreetmap.org/way/1385357442,2026-08-16,Medium,1385357442,Religare Parking,Q3 Large,06:00-00:00
28,LOT-0028,OSM Parking way-633000303,3,18,28.520536,77.200938,Mall Parking,Paved,181,75.0,,False,06:00:00,22:00:00,True,True,True,public_osm,OpenStreetMap,https://www.openstreetmap.org/way/633000303,2026-08-16,Fallback,633000303,Mall Parking · Saket,Q3 Large,06:00-22:00
29,LOT-0029,OSM Parking way-1385319902,3,4,28.529139,77.216437,Surface Lot,Paved,148,70.0,4200.0,True,,,False,True,False,public_osm,OpenStreetMap,https://www.openstreetmap.org/way/1385319902,2026-08-16,Fallback,1385319902,Surface Lot · Saket #29,Q2 Medium,24 hours
30,LOT-0030,Salcon Rasvilas Parking,3,6,28.527507,77.219636,Surface Lot,Paved,124,55.0,,False,06:00:00,22:00:00,False,True,True,public_osm,OpenStreetMap,https://www.openstreetmap.org/way/1385357437,2026-08-16,Medium,1385357437,Salcon Rasvilas Parking,Q2 Medium,06:00-22:00
31,LOT-0031,DLF South Court Parking,3,19,28.52787,77.221047,Office Complex,Paved,377,25.0,2300.0,False,06:00:00,22:00:00,True,True,True,public_osm,OpenStreetMap,https://www.openstreetmap.org/way/1385325224,2026-08-16,Medium,1385325224,DLF South Court Parking,Q4 Very Large,06:00-22:00
32,LOT-0032,MGF Metropolitan Parking,3,20,28.529653,77.220496,Metro Station Parking,Mixed,206,30.0,1800.0,False,06:00:00,22:00:00,False,False,False,public_osm,OpenStreetMap,https://www.openstreetmap.org/way/1385327421,2026-08-16,Medium,1385327421,MGF Metropolitan Parking,Q3 Large,06:00-22:00
33,LOT-0033,OSM Parking way-1534261317,4,21,28.569634,77.039398,Metro Station Parking,Paved,317,35.0,3100.0,True,,,False,True,True,public_osm,OpenStreetMap,https://www.openstreetmap.org/way/1534261317,2026-08-16,Fallback,1534261317,Metro Station Parking · Dwarka Sector 21 #33,Q4 Very Large,24 hours
34,LOT-0034,OSM Parking way-1305711567,4,22,28.551797,77.057221,Metro Station Parking,Paved,219,35.0,,True,,,False,True,True,public_osm,OpenStreetMap,https://www.openstreetmap.org/way/1305711567,2026-08-16,Fallback,1305711567,Metro Station Parking · Dwarka Sector 21 #34,Q3 Large,24 hours
35,LOT-0035,OSM Parking node-850627124,4,23,28.573348,77.064789,On-Street Authorised,Paved,41,45.0,,True,,,True,True,False,public_osm,OpenStreetMap,https://www.openstreetmap.org/node/850627124,2026-08-16,Fallback,850627124,On-Street Authorised · Dwarka Sector 21,Q1 Small,24 hours
36,LOT-0036,OSM Parking way-1436470011,5,24,28.650545,77.121922,Basement,Paved,175,40.0,3700.0,False,06:00:00,22:00:00,True,False,False,public_osm,OpenStreetMap,https://www.openstreetmap.org/way/1436470011,2026-08-16,Fallback,1436470011,Basement · Rajouri Garden,Q3 Large,06:00-22:00
37,LOT-0037,OSM Parking node-1374470937,5,25,28.64983,77.122504,Surface Lot,Paved,186,50.0,3500.0,False,06:00:00,22:00:00,False,False,False,public_osm,OpenStreetMap,https://www.openstreetmap.org/node/1374470937,2026-08-16,Fallback,1374470937,Surface Lot · Rajouri Garden #37,Q3 Large,06:00-22:00
38,LOT-0038,OSM Parking way-1376710968,5,15,28.655122,77.126499,Surface Lot,Mixed,120,45.0,,False,06:00:00,23:00:00,False,True,True,public_osm,OpenStreetMap,https://www.openstreetmap.org/way/1376710968,2026-08-16,Fallback,1376710968,Surface Lot · Rajouri Garden #38,Q2 Medium,06:00-23:00
39,LOT-0039,OSM Parking way-1272464500,5,26,28.657679,77.127115,Surface Lot,Paved,59,40.0,3700.0,True,,,False,True,True,public_osm,OpenStreetMap,https://www.openstreetmap.org/way/1272464500,2026-08-16,Fallback,1272464500,Surface Lot · Rajouri Garden #39,Q1 Small,24 hours
40,LOT-0040,Shamshan Ghat Parking,5,27,28.663625,77.131956,Multi-Level (MLCP),Paved,272,75.0,6400.0,False,06:00:00,23:00:00,False,True,True,public_osm,OpenStreetMap,https://www.openstreetmap.org/way/1469043769,2026-08-16,Medium,1469043769,Shamshan Ghat Parking,Q4 Very Large,06:00-23:00
41,LOT-0041,OSM Parking way-1386106209,6,28,28.638893,77.208056,Mall Parking,Paved,390,70.0,,False,06:00:00,23:00:00,True,True,True,public_osm,OpenStreetMap,https://www.openstreetmap.org/way/1386106209,2026-08-16,Fallback,1386106209,Mall Parking · Karol Bagh #41,Q4 Very Large,06:00-23:00
42,LOT-0042,OSM Parking way-1386957479,6,7,28.640232,77.204473,Surface Lot,Paved,105,50.0,4600.0,False,06:00:00,22:00:00,False,True,False,public_osm,OpenStreetMap,https://www.openstreetmap.org/way/1386957479,2026-08-16,Fallback,1386957479,Surface Lot · Karol Bagh #42,Q2 Medium,06:00-22:00
43,LOT-0043,OSM Parking way-1386957470,6,4,28.639923,77.204239,Surface Lot,Paved,208,80.0,5900.0,False,06:00:00,23:00:00,False,True,False,public_osm,OpenStreetMap,https://www.openstreetmap.org/way/1386957470,2026-08-16,Fallback,1386957470,Surface Lot · Karol Bagh #43,Q3 Large,06:00-23:00
44,LOT-0044,OSM Parking way-1386957481,6,23,28.639514,77.203941,On-Street Authorised,Paved,89,75.0,5500.0,True,,,False,True,True,public_osm,OpenStreetMap,https://www.openstreetmap.org/way/1386957481,2026-08-16,Fallback,1386957481,On-Street Authorised · Karol Bagh #44,Q1 Small,24 hours
45,LOT-0045,OSM Parking way-80414548,6,29,28.642693,77.218764,Mall Parking,Paved,706,50.0,,True,,,True,True,True,public_osm,OpenStreetMap,https://www.openstreetmap.org/way/80414548,2026-08-16,Fallback,80414548,Mall Parking · Karol Bagh #45,Q4 Very Large,24 hours
46,LOT-0046,OSM Parking way-80414532,6,30,28.643627,77.21859,Basement,Paved,289,30.0,2000.0,False,06:00:00,23:00:00,False,True,False,public_osm,OpenStreetMap,https://www.openstreetmap.org/way/80414532,2026-08-16,Fallback,80414532,Basement · Karol Bagh,Q4 Very Large,06:00-23:00
47,LOT-0047,OSM Parking way-1460536295,6,31,28.647281,77.206562,Surface Lot,Paved,103,60.0,4900.0,False,06:00:00,23:00:00,False,True,False,public_osm,OpenStreetMap,https://www.openstreetmap.org/way/1460536295,2026-08-16,Fallback,1460536295,Surface Lot · Karol Bagh #47,Q2 Medium,06:00-23:00
48,LOT-0048,OSM Parking way-80418116,6,32,28.642223,77.222625,On-Street Authorised,Paved,36,50.0,3100.0,True,,,True,True,False,public_osm,OpenStreetMap,https://www.openstreetmap.org/way/80418116,2026-08-16,Fallback,80418116,On-Street Authorised · Karol Bagh #48,Q1 Small,24 hours
49,LOT-0049,OSM Parking way-463710736,6,33,28.643614,77.222337,Surface Lot,Paved,101,30.0,2100.0,False,06:00:00,22:00:00,False,False,True,public_osm,OpenStreetMap,https://www.openstreetmap.org/way/463710736,2026-08-16,Fallback,463710736,Surface Lot · Karol Bagh #49,Q2 Medium,06:00-22:00
50,LOT-0050,OSM Parking way-1289814788,6,20,28.645911,77.201659,On-Street Authorised,Paved,51,45.0,3400.0,True,,,False,True,False,public_osm,OpenStreetMap,https://www.openstreetmap.org/way/1289814788,2026-08-16,Fallback,1289814788,On-Street Authorised · Karol Bagh #50,Q1 Small,24 hours
51,LOT-0051,OSM Parking way-1384231629,7,17,28.566151,77.251302,Surface Lot,Mixed,75,45.0,,False,06:00:00,22:00:00,False,True,False,public_osm,OpenStreetMap,https://www.openstreetmap.org/way/1384231629,2026-08-16,Fallback,1384231629,Surface Lot · Lajpat Nagar #51,Q1 Small,06:00-22:00
52,LOT-0052,MCD Parking,7,5,28.566786,77.245188,Multi-Level (MLCP),Paved,347,40.0,2400.0,False,06:00:00,23:00:00,True,True,True,public_osm,OpenStreetMap,https://www.openstreetmap.org/relation/18094428,2026-08-16,Medium,18094428,MCD Parking,Q4 Very Large,06:00-23:00
53,LOT-0053,OSM Parking way-202800243,7,34,28.588553,77.256193,Mall Parking,Paved,218,50.0,,False,06:00:00,23:00:00,True,False,False,public_osm,OpenStreetMap,https://www.openstreetmap.org/way/202800243,2026-08-16,Fallback,202800243,Mall Parking · Lajpat Nagar #53,Q3 Large,06:00-23:00
54,LOT-0054,OSM Parking way-1297324904,7,22,28.590681,77.260308,On-Street Authorised,Paved,65,45.0,4000.0,True,,,False,True,True,public_osm,OpenStreetMap,https://www.openstreetmap.org/way/1297324904,2026-08-16,Fallback,1297324904,On-Street Authorised · Lajpat Nagar,Q1 Small,24 hours
55,LOT-0055,OSM Parking way-1270655678,7,18,28.567057,77.239927,Mall Parking,Paved,238,45.0,,False,06:00:00,23:00:00,True,True,True,public_osm,OpenStreetMap,https://www.openstreetmap.org/way/1270655678,2026-08-16,Fallback,1270655678,Mall Parking · Lajpat Nagar #55,Q3 Large,06:00-23:00
56,LOT-0056,OSM Parking way-1200970626,7,35,28.591238,77.255505,Surface Lot,Paved,220,30.0,2700.0,False,06:00:00,23:00:00,False,True,False,public_osm,OpenStreetMap,https://www.openstreetmap.org/way/1200970626,2026-08-16,Fallback,1200970626,Surface Lot · Lajpat Nagar #56,Q3 Large,06:00-23:00
57,LOT-0057,OSM Parking way-982896113,8,36,28.525054,77.149512,On-Street Authorised,Paved,87,40.0,3100.0,True,,,False,True,True,public_osm,OpenStreetMap,https://www.openstreetmap.org/way/982896113,2026-08-16,Fallback,982896113,On-Street Authorised · Vasant Kunj #57,Q1 Small,24 hours
58,LOT-0058,OSM Parking way-982729144,8,22,28.524786,77.14875,On-Street Authorised,Paved,39,20.0,1700.0,False,06:00:00,22:00:00,False,True,True,public_osm,OpenStreetMap,https://www.openstreetmap.org/way/982729144,2026-08-16,Fallback,982729144,On-Street Authorised · Vasant Kunj #58,Q1 Small,06:00-22:00
59,LOT-0059,OSM Parking node-449455817,8,37,28.538967,77.152919,Surface Lot,Paved,220,30.0,1800.0,False,06:00:00,23:00:00,False,False,False,public_osm,OpenStreetMap,https://www.openstreetmap.org/node/449455817,2026-08-16,Fallback,449455817,Surface Lot · Vasant Kunj,Q3 Large,06:00-23:00
60,LOT-0060,OSM Parking way-962692147,8,38,28.513709,77.168472,On-Street Authorised,Paved,97,35.0,3000.0,False,06:00:00,23:00:00,False,False,True,public_osm,OpenStreetMap,https://www.openstreetmap.org/way/962692147,2026-08-16,Fallback,962692147,On-Street Authorised · Vasant Kunj #60,Q2 Medium,06:00-23:00
61,LOT-0061,IIMC parking,8,27,28.539794,77.17454,Basement,Mixed,157,25.0,,True,,,True,True,True,public_osm,OpenStreetMap,https://www.openstreetmap.org/node/14055619230,2026-08-16,Medium,14055619230,IIMC parking,Q3 Large,24 hours
62,LOT-0062,OSM Parking way-251320382,9,39,28.497957,77.092507,Surface Lot,Mixed,91,75.0,,False,06:00:00,00:00:00,True,False,True,public_osm,OpenStreetMap,https://www.openstreetmap.org/way/251320382,2026-08-16,Fallback,251320382,Surface Lot · DLF Cyber City #62,Q1 Small,06:00-00:00
63,LOT-0063,OSM Parking way-1106809494,9,40,28.49863,77.091968,Surface Lot,Paved,220,85.0,,False,06:00:00,22:00:00,False,True,True,public_osm,OpenStreetMap,https://www.openstreetmap.org/way/1106809494,2026-08-16,Fallback,1106809494,Surface Lot · DLF Cyber City #63,Q3 Large,06:00-22:00
64,LOT-0064,OSM Parking way-151988184,9,41,28.49683,77.090274,Surface Lot,Paved,126,60.0,4100.0,False,06:00:00,22:00:00,False,True,True,public_osm,OpenStreetMap,https://www.openstreetmap.org/way/151988184,2026-08-16,Fallback,151988184,Surface Lot · DLF Cyber City #64,Q2 Medium,06:00-22:00
65,LOT-0065,OSM Parking way-692610360,9,42,28.496929,77.089087,Multi-Level (MLCP),Paved,246,45.0,3000.0,False,06:00:00,22:00:00,True,True,True,public_osm,OpenStreetMap,https://www.openstreetmap.org/way/692610360,2026-08-16,Fallback,692610360,Multi-Level (MLCP) · DLF Cyber City #65,Q3 Large,06:00-22:00
66,LOT-0066,OSM Parking way-1418601779,9,27,28.500953,77.092486,Surface Lot,Paved,150,40.0,,False,06:00:00,23:00:00,False,True,False,public_osm,OpenStreetMap,https://www.openstreetmap.org/way/1418601779,2026-08-16,Fallback,1418601779,Surface Lot · DLF Cyber City #66,Q3 Large,06:00-23:00
67,LOT-0067,OSM Parking way-692610367,9,14,28.495467,77.087844,Office Complex,Mixed,278,45.0,2900.0,False,06:00:00,23:00:00,False,True,True,public_osm,OpenStreetMap,https://www.openstreetmap.org/way/692610367,2026-08-16,Fallback,692610367,Office Complex · DLF Cyber City #67,Q4 Very Large,06:00-23:00
68,LOT-0068,OSM Parking way-1093273472,9,43,28.492429,77.089216,Office Complex,Paved,367,45.0,,True,,,True,True,True,public_osm,OpenStreetMap,https://www.openstreetmap.org/way/1093273472,2026-08-16,Fallback,1093273472,Office Complex · DLF Cyber City #68,Q4 Very Large,24 hours
69,LOT-0069,OSM Parking way-1093273543,9,44,28.490245,77.091517,Surface Lot,Paved,80,65.0,4700.0,False,06:00:00,00:00:00,False,True,False,public_osm,OpenStreetMap,https://www.openstreetmap.org/way/1093273543,2026-08-16,Fallback,1093273543,Surface Lot · DLF Cyber City #69,Q1 Small,06:00-00:00
70,LOT-0070,DLF Downtown Multi Level Car Parking (MLCP),9,45,28.504321,77.095789,Surface Lot,Paved,59,40.0,3700.0,False,06:00:00,23:00:00,False,True,False,public_osm,OpenStreetMap,https://www.openstreetmap.org/way/1234518413,2026-08-16,Medium,1234518413,DLF Downtown Multi Level Car Parking (MLCP),Q1 Small,06:00-23:00
71,LOT-0071,OSM Parking way-1093273545,9,25,28.488672,77.092868,Multi-Level (MLCP),Paved,362,50.0,,True,,,True,False,True,public_osm,OpenStreetMap,https://www.openstreetmap.org/way/1093273545,2026-08-16,Fallback,1093273545,Multi-Level (MLCP) · DLF Cyber City #71,Q4 Very Large,24 hours
72,LOT-0072,OSM Parking way-224348146,10,2,28.465951,77.065711,Office Complex,Paved,334,50.0,4400.0,True,,,True,True,True,public_osm,OpenStreetMap,https://www.openstreetmap.org/way/224348146,2026-08-16,Fallback,224348146,Office Complex · Sector 29 Gurugram #72,Q4 Very Large,24 hours
73,LOT-0073,OSM Parking way-475681096,10,46,28.464475,77.070826,Basement,Paved,131,45.0,3000.0,False,06:00:00,22:00:00,True,True,True,public_osm,OpenStreetMap,https://www.openstreetmap.org/way/475681096,2026-08-16,Fallback,475681096,Basement · Sector 29 Gurugram,Q2 Medium,06:00-22:00
74,LOT-0074,OSM Parking way-24501706,10,47,28.470819,77.065183,Mall Parking,Paved,386,25.0,,False,06:00:00,23:00:00,True,True,False,public_osm,OpenStreetMap,https://www.openstreetmap.org/way/24501706,2026-08-16,Fallback,24501706,Mall Parking · Sector 29 Gurugram,Q4 Very Large,06:00-23:00
75,LOT-0075,OSM Parking way-1217765675,10,43,28.469983,77.070704,Office Complex,Paved,490,65.0,4600.0,False,06:00:00,23:00:00,True,True,True,public_osm,OpenStreetMap,https://www.openstreetmap.org/way/1217765675,2026-08-16,Fallback,1217765675,Office Complex · Sector 29 Gurugram #75,Q4 Very Large,06:00-23:00
76,LOT-0076,OSM Parking way-1451095896,10,32,28.471549,77.071909,On-Street Authorised,Paved,61,30.0,,False,06:00:00,22:00:00,False,True,True,public_osm,OpenStreetMap,https://www.openstreetmap.org/way/1451095896,2026-08-16,Fallback,1451095896,On-Street Authorised · Sector 29 Gurugram #76,Q1 Small,06:00-22:00
77,LOT-0077,Metro Car Parking,10,21,28.460221,77.073437,Metro Station Parking,Paved,136,50.0,4700.0,True,,,False,True,True,public_osm,OpenStreetMap,https://www.openstreetmap.org/way/688671966,2026-08-16,Medium,688671966,Metro Car Parking,Q2 Medium,24 hours
78,LOT-0078,OSM Parking node-297255245,10,48,28.459162,77.076429,On-Street Authorised,Paved,58,45.0,4000.0,True,,,True,False,False,public_osm,OpenStreetMap,https://www.openstreetmap.org/node/297255245,2026-08-16,Fallback,297255245,On-Street Authorised · Sector 29 Gurugram #78,Q1 Small,24 hours
79,LOT-0079,OSM Parking node-728709435,10,36,28.467405,77.080609,On-Street Authorised,Paved,27,30.0,2900.0,True,,,False,True,False,public_osm,OpenStreetMap,https://www.openstreetmap.org/node/728709435,2026-08-16,Fallback,728709435,On-Street Authorised · Sector 29 Gurugram #79,Q1 Small,24 hours
80,LOT-0080,OSM Parking way-24636762,10,41,28.478256,77.061201,Surface Lot,Paved,114,35.0,2900.0,True,,,True,True,True,public_osm,OpenStreetMap,https://www.openstreetmap.org/way/24636762,2026-08-16,Fallback,24636762,Surface Lot · Sector 29 Gurugram #80,Q2 Medium,24 hours
81,LOT-0081,OSM Parking way-1305530431,10,49,28.460239,77.079195,Surface Lot,Paved,75,40.0,,False,06:00:00,22:00:00,False,True,True,public_osm,OpenStreetMap,https://www.openstreetmap.org/way/1305530431,2026-08-16,Fallback,1305530431,Surface Lot · Sector 29 Gurugram #81,Q1 Small,06:00-22:00
82,LOT-0082,OSM Parking way-1443588429,11,50,28.466435,77.094199,Surface Lot,Paved,61,45.0,3900.0,False,06:00:00,23:00:00,False,False,True,public_osm,OpenStreetMap,https://www.openstreetmap.org/way/1443588429,2026-08-16,Fallback,1443588429,Surface Lot · Golf Course Road #82,Q1 Small,06:00-23:00
83,LOT-0083,OSM Parking way-1433732982,11,12,28.473884,77.09356,Basement,Paved,244,70.0,4500.0,False,06:00:00,00:00:00,True,True,True,public_osm,OpenStreetMap,https://www.openstreetmap.org/way/1433732982,2026-08-16,Fallback,1433732982,Basement · Golf Course Road,Q3 Large,06:00-00:00
84,LOT-0084,OSM Parking way-1313204367,11,51,28.453381,77.106641,Multi-Level (MLCP),Paved,643,50.0,4400.0,False,06:00:00,23:00:00,True,True,True,public_osm,OpenStreetMap,https://www.openstreetmap.org/way/1313204367,2026-08-16,Fallback,1313204367,Multi-Level (MLCP) · Golf Course Road,Q4 Very Large,06:00-23:00
85,LOT-0085,OSM Parking way-1435149349,11,17,28.448018,77.099341,Surface Lot,Mixed,117,50.0,4600.0,False,06:00:00,23:00:00,False,True,True,public_osm,OpenStreetMap,https://www.openstreetmap.org/way/1435149349,2026-08-16,Fallback,1435149349,Surface Lot · Golf Course Road #85,Q2 Medium,06:00-23:00
86,LOT-0086,OSM Parking way-144272815,11,19,28.479445,77.102068,Surface Lot,Paved,69,70.0,,False,06:00:00,23:00:00,False,False,True,public_osm,OpenStreetMap,https://www.openstreetmap.org/way/144272815,2026-08-16,Fallback,144272815,Surface Lot · Golf Course Road #86,Q1 Small,06:00-23:00
87,LOT-0087,OSM Parking way-152002367,12,10,28.492194,77.080135,Multi-Level (MLCP),Paved,504,40.0,3000.0,False,06:00:00,22:00:00,True,True,True,public_osm,OpenStreetMap,https://www.openstreetmap.org/way/152002367,2026-08-16,Fallback,152002367,Multi-Level (MLCP) · Udyog Vihar,Q4 Very Large,06:00-22:00
88,LOT-0088,OSM Parking way-226082166,12,40,28.492079,77.084374,Office Complex,Paved,296,40.0,2600.0,False,06:00:00,23:00:00,True,True,True,public_osm,OpenStreetMap,https://www.openstreetmap.org/way/226082166,2026-08-16,Fallback,226082166,Office Complex · Udyog Vihar #88,Q4 Very Large,06:00-23:00
89,LOT-0089,OSM Parking way-226082173,12,52,28.492668,77.084959,Basement,Paved,99,55.0,3900.0,False,06:00:00,23:00:00,True,True,True,public_osm,OpenStreetMap,https://www.openstreetmap.org/way/226082173,2026-08-16,Fallback,226082173,Basement · Udyog Vihar,Q2 Medium,06:00-23:00
90,LOT-0090,MSIL Material Gate,12,53,28.492619,77.078132,Multi-Level (MLCP),Paved,396,40.0,3000.0,False,06:00:00,00:00:00,True,True,False,public_osm,OpenStreetMap,https://www.openstreetmap.org/way/152002374,2026-08-16,Medium,152002374,MSIL Material Gate,Q4 Very Large,06:00-00:00
91,LOT-0091,OSM Parking way-1093273473,12,54,28.490831,77.08877,Surface Lot,Mixed,95,50.0,,False,06:00:00,22:00:00,True,True,True,public_osm,OpenStreetMap,https://www.openstreetmap.org/way/1093273473,2026-08-16,Fallback,1093273473,Surface Lot · Udyog Vihar #91,Q2 Medium,06:00-22:00
92,LOT-0092,OSM Parking way-120114001,12,55,28.496975,77.074752,Surface Lot,Paved,73,50.0,,True,,,True,True,True,public_osm,OpenStreetMap,https://www.openstreetmap.org/way/120114001,2026-08-16,Fallback,120114001,Surface Lot · Udyog Vihar #92,Q1 Small,24 hours
93,LOT-0093,OSM Parking way-120114009,12,56,28.49783,77.074737,Office Complex,Paved,148,45.0,2900.0,False,06:00:00,23:00:00,True,True,False,public_osm,OpenStreetMap,https://www.openstreetmap.org/way/120114009,2026-08-16,Fallback,120114009,Office Complex · Udyog Vihar #93,Q2 Medium,06:00-23:00
94,LOT-0094,OSM Parking way-151993565,12,6,28.489289,77.067675,Surface Lot,Paved,112,45.0,3800.0,False,06:00:00,23:00:00,False,True,True,public_osm,OpenStreetMap,https://www.openstreetmap.org/way/151993565,2026-08-16,Fallback,151993565,Surface Lot · Udyog Vihar #94,Q2 Medium,06:00-23:00
95,LOT-0095,"Final vehicle parking area ""B""",12,46,28.494336,77.062741,Multi-Level (MLCP),Mixed,456,50.0,4200.0,False,06:00:00,23:00:00,True,False,False,public_osm,OpenStreetMap,https://www.openstreetmap.org/way/120114000,2026-08-16,Medium,120114000,"Final vehicle parking area ""B""",Q4 Very Large,06:00-23:00
96,LOT-0096,OSM Parking way-120113983,12,57,28.495204,77.062268,Office Complex,Paved,211,35.0,2200.0,False,06:00:00,23:00:00,True,True,False,public_osm,OpenStreetMap,https://www.openstreetmap.org/way/120113983,2026-08-16,Fallback,120113983,Office Complex · Udyog Vihar #96,Q3 Large,06:00-23:00
97,LOT-0097,Multi Level Car Parking (MLCP) Noida,13,36,28.569499,77.32181,On-Street Authorised,Paved,57,40.0,2500.0,False,06:00:00,23:00:00,False,False,False,public_osm,OpenStreetMap,https://www.openstreetmap.org/way/906721183,2026-08-16,Medium,906721183,Multi Level Car Parking (MLCP) Noida,Q1 Small,06:00-23:00
98,LOT-0098,GIP & WOW parking lot,13,8,28.567196,77.328228,Surface Lot,Paved,159,70.0,4700.0,True,,,False,False,True,public_osm,OpenStreetMap,https://www.openstreetmap.org/way/402325787,2026-08-16,Medium,402325787,GIP & WOW parking lot,Q3 Large,24 hours
99,LOT-0099,OSM Parking way-1514695589,13,58,28.562405,77.323312,Multi-Level (MLCP),Paved,252,35.0,2300.0,True,,,True,False,False,public_osm,OpenStreetMap,https://www.openstreetmap.org/way/1514695589,2026-08-16,Fallback,1514695589,Multi-Level (MLCP) · Noida Sector 18,Q3 Large,24 hours
100,LOT-0100,OSM Parking way-71596234,13,59,28.583812,77.310172,On-Street Authorised,Paved,101,45.0,3300.0,True,,,False,True,True,public_osm,OpenStreetMap,https://www.openstreetmap.org/way/71596234,2026-08-16,Fallback,71596234,On-Street Authorised · Noida Sector 18,Q2 Medium,24 hours
101,LOT-0101,OSM Parking way-71656926,14,60,28.618432,77.372049,Multi-Level (MLCP),Paved,399,45.0,3100.0,False,06:00:00,23:00:00,True,True,True,public_osm,OpenStreetMap,https://www.openstreetmap.org/way/71656926,2026-08-16,Fallback,71656926,Multi-Level (MLCP) · Noida Sector 62,Q4 Very Large,06:00-23:00
102,LOT-0102,OSM Parking way-71656927,14,61,28.618478,77.373276,Surface Lot,Paved,121,95.0,6200.0,False,06:00:00,23:00:00,False,True,True,public_osm,OpenStreetMap,https://www.openstreetmap.org/way/71656927,2026-08-16,Fallback,71656927,Surface Lot · Noida Sector 62 #102,Q2 Medium,06:00-23:00
103,LOT-0103,OSM Parking way-1327222658,14,62,28.613203,77.360162,Surface Lot,Paved,80,45.0,3000.0,False,06:00:00,23:00:00,False,False,False,public_osm,OpenStreetMap,https://www.openstreetmap.org/way/1327222658,2026-08-16,Fallback,1327222658,Surface Lot · Noida Sector 62 #103,Q1 Small,06:00-23:00
104,LOT-0104,OSM Parking node-7151184473,14,63,28.627334,77.374799,Office Complex,Paved,393,50.0,4100.0,False,06:00:00,22:00:00,True,False,True,public_osm,OpenStreetMap,https://www.openstreetmap.org/node/7151184473,2026-08-16,Fallback,7151184473,Office Complex · Noida Sector 62,Q4 Very Large,06:00-22:00
105,LOT-0105,OSM Parking way-1193997714,16,64,28.564501,77.332083,Multi-Level (MLCP),Paved,406,15.0,1400.0,False,06:00:00,23:00:00,True,True,True,public_osm,OpenStreetMap,https://www.openstreetmap.org/way/1193997714,2026-08-16,Fallback,1193997714,Multi-Level (MLCP) · Botanical Garden Noida,Q4 Very Large,06:00-23:00
106,LOT-0106,parking zone,16,36,28.568622,77.335716,Metro Station Parking,Paved,198,35.0,,True,,,False,False,False,public_osm,OpenStreetMap,https://www.openstreetmap.org/way/402325782,2026-08-16,Medium,402325782,parking zone,Q3 Large,24 hours
107,LOT-0107,car parking,16,65,28.566787,77.343904,Surface Lot,Paved,77,65.0,4900.0,True,,,False,False,False,public_osm,OpenStreetMap,https://www.openstreetmap.org/way/402582854,2026-08-16,Medium,402582854,car parking,Q1 Small,24 hours
108,LOT-0108,OSM Parking way-402582932,16,66,28.568862,77.344871,Surface Lot,Paved,122,35.0,2500.0,False,06:00:00,23:00:00,False,False,False,public_osm,OpenStreetMap,https://www.openstreetmap.org/way/402582932,2026-08-16,Fallback,402582932,Surface Lot · Botanical Garden Noida,Q2 Medium,06:00-23:00
109,LOT-0109,OSM Parking way-1258173789,16,48,28.564612,77.351918,On-Street Authorised,Paved,28,35.0,,True,,,True,True,True,public_osm,OpenStreetMap,https://www.openstreetmap.org/way/1258173789,2026-08-16,Fallback,1258173789,On-Street Authorised · Botanical Garden Noida,Q1 Small,24 hours
110,LOT-0110,OSM Parking way-554394266,17,61,28.641565,77.367779,Basement,Mixed,132,35.0,2700.0,True,,,True,True,True,public_osm,OpenStreetMap,https://www.openstreetmap.org/way/554394266,2026-08-16,Fallback,554394266,Basement · Indirapuram,Q2 Medium,24 hours
111,LOT-0111,OSM Parking node-571595174,17,7,28.633108,77.370774,Surface Lot,Paved,121,25.0,1600.0,False,06:00:00,22:00:00,False,False,False,public_osm,OpenStreetMap,https://www.openstreetmap.org/node/571595174,2026-08-16,Fallback,571595174,Surface Lot · Indirapuram #111,Q2 Medium,06:00-22:00
112,LOT-0112,OSM Parking node-571595195,17,67,28.63309,77.371171,Surface Lot,Paved,143,30.0,,True,,,False,True,False,public_osm,OpenStreetMap,https://www.openstreetmap.org/node/571595195,2026-08-16,Fallback,571595195,Surface Lot · Indirapuram #112,Q2 Medium,24 hours
113,LOT-0113,OSM Parking way-1327221069,17,68,28.631114,77.368844,Surface Lot,Mixed,88,35.0,,False,06:00:00,23:00:00,False,True,True,public_osm,OpenStreetMap,https://www.openstreetmap.org/way/1327221069,2026-08-16,Fallback,1327221069,Surface Lot · Indirapuram #113,Q1 Small,06:00-23:00
114,LOT-0114,OSM Parking way-554394259,17,69,28.645814,77.368908,Surface Lot,Mixed,144,30.0,2100.0,False,06:00:00,22:00:00,False,False,True,public_osm,OpenStreetMap,https://www.openstreetmap.org/way/554394259,2026-08-16,Fallback,554394259,Surface Lot · Indirapuram #114,Q2 Medium,06:00-22:00
115,LOT-0115,OSM Parking way-608015611,17,60,28.629667,77.371121,Surface Lot,Paved,87,25.0,1800.0,False,06:00:00,23:00:00,False,False,True,public_osm,OpenStreetMap,https://www.openstreetmap.org/way/608015611,2026-08-16,Fallback,608015611,Surface Lot · Indirapuram #115,Q1 Small,06:00-23:00
116,LOT-0116,OSM Parking way-153527302,19,70,28.386273,77.316514,Surface Lot,Mixed,65,40.0,3400.0,False,06:00:00,22:00:00,False,True,True,public_osm,OpenStreetMap,https://www.openstreetmap.org/way/153527302,2026-08-16,Fallback,153527302,Surface Lot · Faridabad Sector 15 #116,Q1 Small,06:00-22:00
117,LOT-0117,OSM Parking way-1256890554,19,23,28.411197,77.318586,On-Street Authorised,Paved,93,35.0,3300.0,True,,,False,True,True,public_osm,OpenStreetMap,https://www.openstreetmap.org/way/1256890554,2026-08-16,Fallback,1256890554,On-Street Authorised · Faridabad Sector 15,Q1 Small,24 hours
118,LOT-0118,Sector -12 Court Parking,19,15,28.383031,77.326742,Office Complex,Paved,453,40.0,,True,,,False,True,True,public_osm,OpenStreetMap,https://www.openstreetmap.org/way/143881860,2026-08-16,Medium,143881860,Sector -12 Court Parking,Q4 Very Large,24 hours
119,LOT-0119,OSM Parking node-1574481003,19,71,28.383129,77.327838,Surface Lot,Paved,67,30.0,2600.0,False,06:00:00,22:00:00,False,True,True,public_osm,OpenStreetMap,https://www.openstreetmap.org/node/1574481003,2026-08-16,Fallback,1574481003,Surface Lot · Faridabad Sector 15 #119,Q1 Small,06:00-22:00
120,LOT-0120,OSM Parking way-153527300,19,72,28.38342,77.316926,Basement,Paved,152,60.0,,False,06:00:00,23:00:00,False,False,False,public_osm,OpenStreetMap,https://www.openstreetmap.org/way/153527300,2026-08-16,Fallback,153527300,Basement · Faridabad Sector 15,Q3 Large,06:00-23:00
