parking_id,avg_occupancy_rate,p90_peak_occupancy_rate,demand_score,revenue_score,competition_score,strategic_fit_score,feasibility_score,attractiveness_score,acquisition_score,priority_segment,acquisition_rank,expected_monthly_platform_revenue_inr,expected_commission_pct,estimated_onboarding_cost_inr,documentation_readiness,operational_complexity,requires_capex,exclusivity_possible,estimated_setup_days,competitor_count_500m,competitor_count_1km,competitor_distance_proxy_m,aggregator_listed_count_1km,aggregator_penetration_rate,competitor_avg_hourly_rate_inr,nearest_live_network_distance_km,live_network_site_count,live_network_capacity_cars,avg_daily_platform_bookings,avg_daily_gross_revenue_inr,rank_stability_pct,stability_class,top_10_frequency_pct,top_20_frequency_pct,average_rank,best_rank,worst_rank,rank_standard_deviation,positive_reason_flags,constraint_reason_flags,recommendation,avg_daily_bookings,avg_daily_revenue_inr,revenue_per_space_inr,bookings_per_space,revenue_per_occupied_space_inr
1,0.5852131506849315,0.8987,87.6,100.0,28.02,62.87,71.14,76.37,75.59,ACQUIRE_NOW,3,234519.9,18.5,91500.0,3,4,False,True,28,19,22,45.0,2,0.09090909090909091,120.0,0.6114023242931865,1,104,211.0986301369863,162686.94230136985,100.0,Very Stable,100.0,100.0,3.64,3,5,0.77,HIGH_DEMAND|HIGH_REVENUE|NETWORK_GAP|HIGH_OWNER_READINESS|STRONG_METRO_ACCESS|CAPACITY_EFFICIENT_REVENUE|SUSTAINED_UTILIZATION,HIGH_COMPETITION,Prioritise for named-owner outreach and commercial diligence.,211.1,162686.94,742.86,0.9639,1269.39
2,0.32447534246575344,0.60984,62.23,82.44,19.73,67.05,63.33,61.52,61.8,ACQUIRE_NOW,21,173865.47,13.5,108000.0,3,2,False,True,17,18,21,45.0,5,0.23809523809523808,75.0,0.5816914626239543,1,104,197.0986301369863,145677.03134246575,0.0,Highly Sensitive,0.0,45.45,20.27,18,22,1.35,HIGH_DEMAND|HIGH_REVENUE|NETWORK_GAP|STRONG_METRO_ACCESS|CAPACITY_EFFICIENT_REVENUE,HIGH_COMPETITION|HIGH_ONBOARDING_COST,Prioritise for named-owner outreach and commercial diligence.,197.1,145677.03,350.19,0.4738,1079.24
3,0.5031868493150685,0.81506,78.02,83.38,24.09,62.87,84.4,67.41,69.96,ACQUIRE_NOW,8,86502.5,17.0,42500.0,4,1,False,True,21,17,23,190.0,4,0.17391304347826086,130.0,0.7271119573558552,1,104,61.97808219178082,67444.29410958904,100.0,Very Stable,100.0,100.0,7.82,7,9,0.57,HIGH_DEMAND|HIGH_REVENUE|NETWORK_GAP|HIGH_OWNER_READINESS|STRONG_METRO_ACCESS|CAPACITY_EFFICIENT_REVENUE|SUSTAINED_UTILIZATION,HIGH_COMPETITION,Prioritise for named-owner outreach and commercial diligence.,61.98,67444.29,784.24,0.7207,1558.54
4,0.42362931506849316,0.7228,72.22,84.91,20.29,58.59,45.08,64.38,61.49,PURSUE,22,94507.31,20.0,77500.0,2,1,True,True,22,18,21,24.0,1,0.047619047619047616,35.0,0.5596159773700692,1,104,98.4904109589041,58721.03136986301,0.0,Highly Sensitive,0.0,9.09,22.91,19,29,2.61,HIGH_DEMAND|HIGH_REVENUE|STRONG_METRO_ACCESS|CAPACITY_EFFICIENT_REVENUE|SUSTAINED_UTILIZATION,HIGH_COMPETITION|DOCUMENTATION_GAP|DECISION_MAKER_BLOCKED|CAPEX_REQUIRED|COMPETITOR_PRICE_PRESSURE,Assign senior BD to resolve the recorded feasibility constraints before commercial negotiation.,98.49,58721.03,524.29,0.8794,1237.63
5,0.5110238356164384,0.8,80.17,54.58,18.27,59.2,54.5,58.02,57.49,PURSUE,28,39515.13,13.5,61500.0,3,2,False,False,29,18,21,24.0,4,0.19047619047619047,45.0,0.5836160784680707,1,104,71.9068493150685,43605.03243835617,0.0,Highly Sensitive,0.0,0.0,28.73,25,37,2.93,HIGH_DEMAND|STRONG_METRO_ACCESS|CAPACITY_EFFICIENT_REVENUE|SUSTAINED_UTILIZATION,HIGH_COMPETITION|COMPETITOR_PRICE_PRESSURE,Assign senior BD to resolve the recorded feasibility constraints before commercial negotiation.,71.91,43605.03,403.75,0.6658,790.08
6,0.5387493150684931,0.8424200000000001,83.67,100.0,17.59,61.81,77.89,72.96,73.69,ACQUIRE_NOW,5,433614.46,25.0,74500.0,3,3,False,True,26,17,22,32.0,3,0.13636363636363635,55.0,0.5084121684316845,1,104,325.0821917808219,221328.27380821918,100.0,Very Stable,100.0,100.0,5.09,3,7,1.16,HIGH_DEMAND|HIGH_REVENUE|HIGH_OWNER_READINESS|STRONG_METRO_ACCESS|CAPACITY_EFFICIENT_REVENUE|SUSTAINED_UTILIZATION,HIGH_COMPETITION|COMPETITOR_PRICE_PRESSURE,Prioritise for named-owner outreach and commercial diligence.,325.08,221328.27,747.73,1.0983,1387.9
7,0.4511901369863014,0.74798,74.62,81.78,21.8,55.14,61.3,63.97,63.57,ACQUIRE_NOW,18,79012.65,21.0,33000.0,3,1,False,False,12,17,22,32.0,3,0.13636363636363635,100.0,0.4793047915460848,1,104,51.15890410958904,46240.81912328767,0.0,Highly Sensitive,0.0,90.91,18.64,16,23,1.67,HIGH_DEMAND|HIGH_REVENUE|STRONG_METRO_ACCESS|CAPACITY_EFFICIENT_REVENUE|SUSTAINED_UTILIZATION,HIGH_COMPETITION|DECISION_MAKER_BLOCKED,Prioritise for named-owner outreach and commercial diligence.,51.16,46240.82,660.58,0.7308,1464.09
8,0.4633232876712329,0.753,74.99,91.64,25.96,62.02,64.52,68.95,68.28,ACQUIRE_NOW,9,137873.33,15.5,56500.0,4,3,False,False,33,17,22,54.0,1,0.045454545454545456,135.0,0.6356312307377907,1,104,102.26849315068493,114361.45495890411,70.0,Stable,63.64,100.0,10.0,7,13,1.76,HIGH_DEMAND|HIGH_REVENUE|STRONG_METRO_ACCESS|CAPACITY_EFFICIENT_REVENUE|SUSTAINED_UTILIZATION,HIGH_COMPETITION,Prioritise for named-owner outreach and commercial diligence.,102.27,114361.45,723.81,0.6473,1562.21
9,0.4790627397260274,0.77902,75.13,61.0,20.83,55.9,58.66,58.0,58.1,ACQUIRE_NOW,26,52002.79,13.5,93000.0,3,3,True,True,33,15,23,29.0,3,0.13043478260869565,80.0,0.457293030765355,1,104,63.55068493150685,58555.54210958904,0.0,Highly Sensitive,0.0,0.0,27.0,26,33,2.09,HIGH_DEMAND|HIGH_REVENUE|STRONG_METRO_ACCESS|CAPACITY_EFFICIENT_REVENUE|SUSTAINED_UTILIZATION,HIGH_COMPETITION|CAPEX_REQUIRED,Prioritise for named-owner outreach and commercial diligence.,63.55,58555.54,468.44,0.5084,977.84
10,0.47400191780821915,0.77318,62.57,37.23,56.59,86.02,41.88,58.2,55.75,PURSUE,29,19787.03,11.5,57000.0,4,3,False,True,21,0,7,553.0,1,0.14285714285714285,105.0,1.528096019357061,1,104,38.76986301369863,38478.98526027397,0.0,Highly Sensitive,0.0,0.0,28.82,25,33,1.99,HIGH_DEMAND|NETWORK_GAP|STRONG_METRO_ACCESS|SUSTAINED_UTILIZATION,LOW_OWNER_READINESS|DECISION_MAKER_BLOCKED,Assign senior BD to resolve the recorded feasibility constraints before commercial negotiation.,38.77,38478.99,392.64,0.3956,828.36
11,0.22639287671232877,0.50036,38.16,47.26,18.49,87.64,82.55,46.1,51.56,DEVELOP,34,34230.64,15.5,50500.0,4,2,False,True,17,13,29,147.0,6,0.20689655172413793,50.0,2.5391544547465448,1,104,44.25753424657534,27552.329068493153,0.0,Highly Sensitive,0.0,0.0,33.36,27,38,2.93,NETWORK_GAP|HIGH_OWNER_READINESS|STRONG_METRO_ACCESS,HIGH_COMPETITION|COMPETITOR_PRICE_PRESSURE,Use sequenced low-cost outreach and validate the opportunity before escalating resources.,44.26,27552.33,171.13,0.2749,755.91
12,0.5169309589041096,0.7996,77.92,61.61,34.85,62.27,59.32,62.76,62.24,ACQUIRE_NOW,20,53571.66,13.0,65000.0,2,3,False,True,25,7,11,30.0,1,0.09090909090909091,80.0,0.7910512793967052,1,209,89.0958904109589,52813.81989041096,0.0,Highly Sensitive,0.0,81.82,20.0,18,24,1.48,HIGH_DEMAND|HIGH_REVENUE|NETWORK_GAP|STRONG_METRO_ACCESS|CAPACITY_EFFICIENT_REVENUE|SUSTAINED_UTILIZATION,DOCUMENTATION_GAP,Prioritise for named-owner outreach and commercial diligence.,89.1,52813.82,412.61,0.6961,798.19
13,0.4278832876712329,0.6927,68.8,91.49,21.38,68.58,70.23,67.07,67.54,ACQUIRE_NOW,10,285442.07,20.0,92000.0,2,3,False,True,19,7,11,30.0,4,0.36363636363636365,45.0,0.8200813059776715,1,209,313.75068493150684,206968.14520547946,80.0,Stable,81.82,100.0,10.09,8,14,1.62,HIGH_DEMAND|HIGH_REVENUE|NETWORK_GAP|HIGH_OWNER_READINESS|STRONG_METRO_ACCESS|CAPACITY_EFFICIENT_REVENUE|SUSTAINED_UTILIZATION,HIGH_COMPETITION|DOCUMENTATION_GAP|COMPETITOR_PRICE_PRESSURE,Prioritise for named-owner outreach and commercial diligence.,313.75,206968.15,414.77,0.6288,969.34
14,0.37298904109589043,0.6433599999999999,63.8,69.99,30.03,69.66,62.07,60.69,60.9,ACQUIRE_NOW,23,95893.56,20.0,137000.0,3,2,True,False,25,7,10,99.0,1,0.1,35.0,0.9710873688292672,1,209,130.05753424657533,55772.725698630136,0.0,Highly Sensitive,0.0,9.09,22.45,19,23,1.23,HIGH_DEMAND|HIGH_REVENUE|NETWORK_GAP|STRONG_METRO_ACCESS|CAPACITY_EFFICIENT_REVENUE,HIGH_COMPETITION|HIGH_ONBOARDING_COST|CAPEX_REQUIRED|COMPETITOR_PRICE_PRESSURE,Prioritise for named-owner outreach and commercial diligence.,130.06,55772.73,207.33,0.4835,555.87
15,0.4457506849315068,0.70994,70.83,85.81,28.96,71.02,59.72,67.88,66.65,ACQUIRE_NOW,13,193956.29,16.0,116000.0,3,3,True,False,40,8,11,174.0,2,0.18181818181818182,45.0,0.942965978158782,1,209,324.3068493150685,152726.50797260273,0.0,Highly Sensitive,0.0,100.0,13.27,12,16,1.05,HIGH_DEMAND|HIGH_REVENUE|NETWORK_GAP|STRONG_METRO_ACCESS|CAPACITY_EFFICIENT_REVENUE|SUSTAINED_UTILIZATION,HIGH_COMPETITION|HIGH_ONBOARDING_COST|CAPEX_REQUIRED,Prioritise for named-owner outreach and commercial diligence.,324.31,152726.51,365.37,0.7759,819.68
16,0.46904383561643836,0.74794,73.36,80.57,30.06,71.72,63.66,67.55,66.97,ACQUIRE_NOW,11,124440.43,15.0,131000.0,3,3,True,True,40,7,10,99.0,2,0.2,45.0,1.0618660385645577,1,209,224.84657534246574,101657.16969863014,10.0,Highly Sensitive,18.18,100.0,11.64,10,14,1.37,HIGH_DEMAND|HIGH_REVENUE|NETWORK_GAP|STRONG_METRO_ACCESS|CAPACITY_EFFICIENT_REVENUE|SUSTAINED_UTILIZATION,HIGH_COMPETITION|HIGH_ONBOARDING_COST|CAPEX_REQUIRED,Prioritise for named-owner outreach and commercial diligence.,224.85,101657.17,447.83,0.9905,954.77
17,0.5178032876712328,0.78686,76.45,87.58,32.28,72.3,88.02,71.2,73.72,ACQUIRE_NOW,4,139122.93,21.0,67500.0,5,2,False,True,24,7,11,19.0,1,0.09090909090909091,65.0,1.0968820050934787,1,209,159.56438356164384,84759.41619178082,100.0,Very Stable,100.0,100.0,4.18,2,6,1.19,HIGH_DEMAND|HIGH_REVENUE|NETWORK_GAP|HIGH_OWNER_READINESS|STRONG_METRO_ACCESS|CAPACITY_EFFICIENT_REVENUE|SUSTAINED_UTILIZATION,,Prioritise for named-owner outreach and commercial diligence.,159.56,84759.42,432.45,0.8141,835.15
18,0.6717016438356165,0.9799599999999999,83.91,100.0,34.07,74.59,66.18,78.2,76.4,ACQUIRE_NOW,2,316883.8,21.5,126500.0,4,2,False,True,10,7,11,19.0,2,0.18181818181818182,85.0,1.1145607611688533,1,209,426.586301369863,212107.90005479453,100.0,Very Stable,100.0,100.0,2.18,1,4,0.83,HIGH_DEMAND|HIGH_REVENUE|NETWORK_GAP|STRONG_METRO_ACCESS|CAPACITY_EFFICIENT_REVENUE|SUSTAINED_UTILIZATION,HIGH_ONBOARDING_COST|DECISION_MAKER_BLOCKED,Prioritise for named-owner outreach and commercial diligence.,426.59,212107.9,671.23,1.35,999.29
19,0.446986301369863,0.7199800000000001,71.58,83.84,32.25,72.35,54.17,68.38,66.25,PURSUE,14,125634.7,17.0,112000.0,3,3,True,False,46,7,12,178.0,3,0.25,95.0,1.099432739355879,1,209,150.24383561643836,103458.14980821918,0.0,Highly Sensitive,0.0,100.0,14.27,12,18,1.48,HIGH_DEMAND|HIGH_REVENUE|NETWORK_GAP|STRONG_METRO_ACCESS|CAPACITY_EFFICIENT_REVENUE|SUSTAINED_UTILIZATION,HIGH_ONBOARDING_COST|CAPEX_REQUIRED,Assign senior BD to resolve the recorded feasibility constraints before commercial negotiation.,150.24,103458.15,533.29,0.7745,1193.08
20,0.41256301369863013,0.6772,61.6,44.22,21.97,59.68,51.58,49.16,49.52,PURSUE,39,26518.42,15.5,46000.0,2,1,False,True,16,4,12,316.0,4,0.3333333333333333,40.0,0.7164324735093126,1,209,39.21369863013699,33185.116246575344,0.0,Highly Sensitive,0.0,0.0,40.27,35,52,4.81,STRONG_METRO_ACCESS,HIGH_COMPETITION|DOCUMENTATION_GAP|COMPETITOR_PRICE_PRESSURE,Assign senior BD to resolve the recorded feasibility constraints before commercial negotiation.,39.21,33185.12,325.34,0.3844,788.59
21,0.47856246575342465,0.74932,67.34,90.5,26.41,56.15,78.12,64.96,66.93,ACQUIRE_NOW,12,264785.12,17.0,124500.0,3,3,True,True,39,2,12,316.0,5,0.4166666666666667,80.0,0.4038314329787186,1,209,306.36164383561646,202974.0872328767,40.0,Sensitive,27.27,100.0,12.09,9,16,2.19,HIGH_DEMAND|HIGH_REVENUE|HIGH_OWNER_READINESS|STRONG_METRO_ACCESS|CAPACITY_EFFICIENT_REVENUE|SUSTAINED_UTILIZATION,HIGH_COMPETITION|HIGH_ONBOARDING_COST|CAPEX_REQUIRED,Prioritise for named-owner outreach and commercial diligence.,306.36,202974.09,414.23,0.6252,865.58
22,0.48283616438356164,0.74948,61.86,89.45,46.48,59.48,57.81,66.84,65.48,ACQUIRE_NOW,17,202491.21,18.0,78000.0,3,3,False,False,28,2,8,405.0,0,0.0,75.0,0.5794680541728643,1,209,281.34794520547945,221864.4340821918,0.0,Highly Sensitive,0.0,100.0,16.27,11,17,1.76,HIGH_DEMAND|HIGH_REVENUE|STRONG_METRO_ACCESS|CAPACITY_EFFICIENT_REVENUE|SUSTAINED_UTILIZATION,DECISION_MAKER_BLOCKED,Prioritise for named-owner outreach and commercial diligence.,281.35,221864.43,609.52,0.7729,1262.37
23,0.2977213698630137,0.5526800000000001,21.41,44.25,49.26,21.99,95.53,33.15,42.5,DEVELOP,57,31078.24,17.5,57500.0,5,2,False,True,18,1,5,118.0,0,0.0,55.0,0.3148501363966751,1,195,58.221917808219175,33990.49569863014,0.0,Highly Sensitive,0.0,0.0,58.45,50,71,5.47,HIGH_OWNER_READINESS,LOW_STRATEGIC_FIT|NETWORK_CANNIBALIZATION_RISK,Use sequenced low-cost outreach and validate the opportunity before escalating resources.,58.22,33990.5,186.76,0.3199,627.3
24,0.2566747945205479,0.5043,17.05,26.5,49.68,18.28,65.71,25.8,31.79,AVOID,98,12551.21,16.5,94500.0,3,2,True,False,15,1,5,118.0,0,0.0,45.0,0.24665719673743547,1,195,31.09041095890411,15098.16301369863,0.0,Highly Sensitive,0.0,0.0,99.82,93,110,4.2,,LOW_DEMAND|LOW_STRATEGIC_FIT|CAPEX_REQUIRED|NETWORK_CANNIBALIZATION_RISK,Do not allocate active BD capacity; revisit only when the market or owner posture changes.,31.09,15098.16,139.8,0.2879,544.65
25,0.2693854794520548,0.52342,21.59,32.75,29.28,34.17,54.97,28.45,32.43,AVOID,95,18168.61,15.0,99000.0,3,3,True,True,37,1,10,498.0,1,0.1,40.0,0.7306876686316768,1,195,39.78630136986301,23820.599452054794,0.0,Highly Sensitive,0.0,0.0,96.91,91,105,4.1,,HIGH_COMPETITION|LOW_STRATEGIC_FIT|CAPEX_REQUIRED|COMPETITOR_PRICE_PRESSURE,Do not allocate active BD capacity; revisit only when the market or owner posture changes.,39.79,23820.6,140.12,0.234,520.15
26,0.31658,0.56784,24.42,52.69,54.73,31.85,79.72,39.4,45.44,DEVELOP,49,53621.93,15.0,143500.0,3,1,False,False,14,0,4,589.0,1,0.25,40.0,0.48069704685056536,1,195,169.24383561643836,66187.77416438356,0.0,Highly Sensitive,0.0,0.0,50.27,44,60,4.0,HIGH_OWNER_READINESS,LOW_STRATEGIC_FIT|HIGH_ONBOARDING_COST,Use sequenced low-cost outreach and validate the opportunity before escalating resources.,169.24,66187.77,162.62,0.4158,513.69
27,0.28214575342465753,0.5378,21.89,34.2,26.21,49.18,69.69,31.09,36.88,AVOID,76,20551.99,16.0,68500.0,3,3,False,True,34,5,8,102.0,2,0.25,15.0,1.1829560745298169,1,195,84.08767123287672,24831.389506849315,0.0,Highly Sensitive,0.0,0.0,75.45,70,81,3.2,HIGH_OWNER_READINESS,HIGH_COMPETITION|COMPETITOR_PRICE_PRESSURE,Do not allocate active BD capacity; revisit only when the market or owner posture changes.,84.09,24831.39,100.53,0.3404,356.31
28,0.3032567123287671,0.55548,21.84,44.2,51.92,30.5,59.52,35.25,38.89,DEVELOP,69,30966.57,15.5,90000.0,3,3,False,True,23,0,4,768.0,1,0.25,65.0,0.5984367388776555,1,195,44.12328767123287,46226.01095890411,0.0,Highly Sensitive,0.0,0.0,70.36,65,83,4.66,,LOW_STRATEGIC_FIT|DECISION_MAKER_BLOCKED,Use sequenced low-cost outreach and validate the opportunity before escalating resources.,44.12,46226.01,255.39,0.2438,842.17
29,0.37770794520547946,0.63036,35.41,44.38,40.3,47.73,50.2,41.08,42.45,AVOID,58,29702.48,12.0,86500.0,3,2,True,False,40,6,7,256.0,2,0.2857142857142857,95.0,1.2056679216594977,1,195,57.66575342465753,62106.45712328767,0.0,Highly Sensitive,0.0,0.0,59.0,54,67,3.44,,CAPEX_REQUIRED,Do not allocate active BD capacity; revisit only when the market or owner posture changes.,57.67,62106.46,419.64,0.3896,1111.01
30,0.29740164383561646,0.5454,23.68,40.68,43.59,53.92,62.92,37.53,41.34,DEVELOP,62,24300.62,21.0,78000.0,4,1,True,True,20,5,6,144.0,0,0.0,55.0,1.4323021308267687,1,195,34.087671232876716,23057.84605479452,0.0,Highly Sensitive,0.0,0.0,60.82,56,64,2.33,,DECISION_MAKER_BLOCKED|CAPEX_REQUIRED,Use sequenced low-cost outreach and validate the opportunity before escalating resources.,34.09,23057.85,185.95,0.2749,625.25
31,0.32033287671232874,0.57028,28.15,43.36,43.59,61.33,73.12,41.2,45.99,DEVELOP,48,34048.14,16.0,80000.0,4,3,False,True,37,5,6,144.0,0,0.0,25.0,1.575908973078414,1,195,138.94520547945206,37959.511150684935,0.0,Highly Sensitive,0.0,0.0,47.0,43,50,1.86,HIGH_OWNER_READINESS,,Use sequenced low-cost outreach and validate the opportunity before escalating resources.,138.95,37959.51,100.69,0.3686,314.32
32,0.4305967123287671,0.6859,42.35,33.8,37.56,57.67,37.1,41.69,41.01,AVOID,63,19668.23,15.0,124500.0,3,4,True,True,54,5,7,205.0,2,0.2857142857142857,35.0,1.5894317365933626,1,195,72.12054794520547,33989.66928767123,0.0,Highly Sensitive,0.0,0.0,63.91,53,73,5.58,SUSTAINED_UTILIZATION,LOW_OWNER_READINESS|HIGH_ONBOARDING_COST|DECISION_MAKER_BLOCKED|CAPEX_REQUIRED,Do not allocate active BD capacity; revisit only when the market or owner posture changes.,72.12,33989.67,165.0,0.3501,383.19
33,0.29758520547945205,0.5421199999999999,21.34,33.81,95.5,67.21,40.69,46.19,45.36,AVOID,50,20742.19,12.0,92500.0,1,3,False,True,33,0,0,1500.0,0,0.0,,1.681571251589452,1,190,38.72054794520548,58746.34024657534,0.0,Highly Sensitive,0.0,0.0,49.36,43,53,2.84,LOW_COMPETITION|NETWORK_GAP,LOW_OWNER_READINESS|DOCUMENTATION_GAP,Do not allocate active BD capacity; revisit only when the market or owner posture changes.,38.72,58746.34,185.32,0.1221,622.74
34,0.37888794520547947,0.62878,34.57,37.47,95.5,65.03,46.42,51.55,50.78,PURSUE,35,23663.97,11.5,104500.0,3,4,False,False,33,0,0,1500.0,0,0.0,,2.3406575311334357,1,190,45.986301369863014,56260.81189041096,0.0,Highly Sensitive,0.0,0.0,35.73,30,39,2.3,LOW_COMPETITION|NETWORK_GAP,,Assign senior BD to resolve the recorded feasibility constraints before commercial negotiation.,45.99,56260.81,256.9,0.21,678.03
35,0.2976186301369863,0.54918,22.01,14.82,95.5,33.83,39.08,34.95,35.57,AVOID,80,6123.24,14.5,53500.0,2,4,False,True,35,0,0,1500.0,0,0.0,,0.8378929638606877,1,190,7.342465753424658,9302.367835616438,0.0,Highly Sensitive,0.0,0.0,82.82,75,99,6.25,LOW_COMPETITION,LOW_REVENUE|LOW_STRATEGIC_FIT|LOW_OWNER_READINESS|DOCUMENTATION_GAP|DECISION_MAKER_BLOCKED,Do not allocate active BD capacity; revisit only when the market or owner posture changes.,7.34,9302.37,226.89,0.1791,762.34
36,0.37219945205479454,0.64168,35.37,35.46,49.96,49.23,62.31,40.42,43.7,DEVELOP,54,20738.48,13.0,71500.0,3,5,False,False,56,1,3,98.0,2,0.6666666666666666,40.0,9.054882822572754,0,0,91.9013698630137,30409.13202739726,0.0,Highly Sensitive,0.0,0.0,53.64,51,56,1.43,,,Use sequenced low-cost outreach and validate the opportunity before escalating resources.,91.9,30409.13,173.77,0.5252,466.86
37,0.33552931506849315,0.5842,30.17,27.63,51.63,49.99,50.82,36.71,38.82,AVOID,70,14331.92,10.5,111000.0,3,3,True,False,40,1,3,98.0,1,0.3333333333333333,35.0,8.987522183006174,0,0,62.73972602739726,37461.20843835617,0.0,Highly Sensitive,0.0,0.0,69.82,66,74,1.99,,HIGH_ONBOARDING_COST|CAPEX_REQUIRED|COMPETITOR_PRICE_PRESSURE,Do not allocate active BD capacity; revisit only when the market or owner posture changes.,62.74,37461.21,201.4,0.3373,600.26
38,0.31348301369863013,0.56602,27.63,27.38,61.52,47.56,62.91,37.05,40.93,DEVELOP,64,13314.54,15.0,41000.0,2,1,False,True,19,1,3,291.0,0,0.0,35.0,8.70467179005812,0,0,46.05205479452055,23123.965589041098,0.0,Highly Sensitive,0.0,0.0,63.18,59,69,2.55,LOW_COMPETITION,DOCUMENTATION_GAP|DECISION_MAKER_BLOCKED|COMPETITOR_PRICE_PRESSURE,Use sequenced low-cost outreach and validate the opportunity before escalating resources.,46.05,23123.97,192.7,0.3838,614.71
39,0.3060194520547945,0.5716,25.48,18.63,56.88,43.76,47.96,32.23,34.59,AVOID,86,7820.15,13.5,77000.0,3,2,True,False,36,1,4,291.0,1,0.25,45.0,8.709908880246275,0,0,34.00547945205479,12061.837479452055,0.0,Highly Sensitive,0.0,0.0,87.36,82,93,3.62,,LOW_REVENUE|LOW_STRATEGIC_FIT|DECISION_MAKER_BLOCKED|CAPEX_REQUIRED,Do not allocate active BD capacity; revisit only when the market or owner posture changes.,34.01,12061.84,204.44,0.5764,668.06
40,0.41564547945205477,0.67488,38.85,51.67,86.18,58.16,48.8,54.38,53.54,PURSUE,32,47071.43,11.0,92000.0,3,5,False,True,51,0,1,813.0,0,0.0,70.0,8.444433359826542,0,0,131.7890410958904,102941.00167123288,0.0,Highly Sensitive,0.0,0.0,31.82,28,34,1.64,LOW_COMPETITION,DECISION_MAKER_BLOCKED,Assign senior BD to resolve the recorded feasibility constraints before commercial negotiation.,131.79,102941.0,378.46,0.4845,910.53
41,0.4871367123287671,0.74926,67.39,91.22,51.5,54.37,80.75,69.3,71.01,ACQUIRE_NOW,7,220387.98,17.0,134000.0,4,4,False,True,39,3,5,380.0,0,0.0,50.0,0.554899942359753,1,119,394.2821917808219,177613.4616712329,100.0,Very Stable,100.0,100.0,6.82,5,9,1.03,HIGH_DEMAND|HIGH_REVENUE|HIGH_OWNER_READINESS|STRONG_METRO_ACCESS|CAPACITY_EFFICIENT_REVENUE|SUSTAINED_UTILIZATION,HIGH_ONBOARDING_COST|COMPETITOR_PRICE_PRESSURE,Prioritise for named-owner outreach and commercial diligence.,394.28,177613.46,455.42,1.011,934.89
42,0.5439063013698631,0.8186,70.11,46.81,47.87,58.6,69.48,57.3,59.13,ACQUIRE_NOW,25,29554.42,15.0,57000.0,4,2,False,True,21,3,5,41.0,0,0.0,35.0,0.9183589647904429,1,119,89.0027397260274,37017.54030136986,0.0,Highly Sensitive,0.0,0.0,25.18,24,28,1.03,HIGH_DEMAND|HIGH_OWNER_READINESS|CAPACITY_EFFICIENT_REVENUE|SUSTAINED_UTILIZATION,COMPETITOR_PRICE_PRESSURE,Prioritise for named-owner outreach and commercial diligence.,89.0,37017.54,352.55,0.8476,648.18
43,0.5454942465753425,0.8318,70.6,62.73,57.87,61.46,50.15,64.43,62.28,PURSUE,19,67391.8,12.5,91000.0,3,2,True,False,38,3,5,41.0,0,0.0,105.0,0.9356615431912507,1,119,152.15616438356165,114812.9738630137,0.0,Highly Sensitive,0.0,45.45,20.73,19,22,1.29,HIGH_DEMAND|HIGH_REVENUE|CAPACITY_EFFICIENT_REVENUE|SUSTAINED_UTILIZATION,CAPEX_REQUIRED,Assign senior BD to resolve the recorded feasibility constraints before commercial negotiation.,152.16,114812.97,551.99,0.7315,1011.9
44,0.45927205479452055,0.71934,58.63,60.53,54.0,59.45,26.37,58.52,53.69,PURSUE,31,44053.98,15.5,112000.0,1,5,True,True,52,3,5,54.0,1,0.2,135.0,0.9596708482579742,1,119,85.03287671232877,48541.91197260274,0.0,Highly Sensitive,0.0,0.0,32.91,29,42,3.99,HIGH_REVENUE|CAPACITY_EFFICIENT_REVENUE|SUSTAINED_UTILIZATION,LOW_OWNER_READINESS|HIGH_ONBOARDING_COST|DOCUMENTATION_GAP|DECISION_MAKER_BLOCKED|CAPEX_REQUIRED,Assign senior BD to resolve the recorded feasibility constraints before commercial negotiation.,85.03,48541.91,545.41,0.9554,1187.56
45,0.3724923287671233,0.6397200000000001,51.32,84.76,29.43,64.5,64.54,59.62,60.36,ACQUIRE_NOW,24,251315.65,18.0,230500.0,3,4,False,True,29,5,9,105.0,3,0.3333333333333333,30.0,0.6538945414079292,1,119,565.6164383561644,206679.852,0.0,Highly Sensitive,0.0,0.0,23.82,21,28,1.8,HIGH_REVENUE|NETWORK_GAP|STRONG_METRO_ACCESS|CAPACITY_EFFICIENT_REVENUE,HIGH_COMPETITION|HIGH_ONBOARDING_COST|COMPETITOR_PRICE_PRESSURE,Prioritise for named-owner outreach and commercial diligence.,565.62,206679.85,292.75,0.8012,785.92
46,0.5727487671232877,0.85332,73.34,66.05,53.51,56.8,71.42,64.78,65.78,ACQUIRE_NOW,16,85451.0,22.0,148000.0,4,3,True,True,44,5,5,105.0,0,0.0,30.0,0.7154682163883964,1,119,298.5753424657534,63283.19,10.0,Highly Sensitive,9.09,100.0,15.09,9,17,2.31,HIGH_DEMAND|HIGH_REVENUE|HIGH_OWNER_READINESS|STRONG_METRO_ACCESS|CAPACITY_EFFICIENT_REVENUE|SUSTAINED_UTILIZATION,HIGH_ONBOARDING_COST|CAPEX_REQUIRED,Prioritise for named-owner outreach and commercial diligence.,298.58,63283.19,218.97,1.0331,382.32
47,0.3890331506849315,0.65282,48.04,27.34,52.34,66.13,30.15,45.9,43.54,AVOID,55,12946.37,10.0,83000.0,2,3,True,True,35,0,6,502.0,0,0.0,55.0,1.1747055993276414,1,119,47.12602739726027,28947.596246575344,0.0,Highly Sensitive,0.0,0.0,55.27,43,65,5.66,NETWORK_GAP,LOW_OWNER_READINESS|DOCUMENTATION_GAP|DECISION_MAKER_BLOCKED|CAPEX_REQUIRED,Do not allocate active BD capacity; revisit only when the market or owner posture changes.,47.13,28947.6,281.04,0.4575,722.42
48,0.5840605479452055,0.85518,79.75,27.6,32.64,47.99,14.78,50.5,45.14,PURSUE,51,10037.36,12.5,83500.0,2,4,True,False,54,5,11,66.0,2,0.18181818181818182,50.0,0.5897903966591667,1,119,35.964383561643835,18686.995698630137,0.0,Highly Sensitive,0.0,0.0,55.0,35,77,10.8,HIGH_DEMAND|STRONG_METRO_ACCESS|CAPACITY_EFFICIENT_REVENUE|SUSTAINED_UTILIZATION,LOW_OWNER_READINESS|DOCUMENTATION_GAP|DECISION_MAKER_BLOCKED|CAPEX_REQUIRED,Assign senior BD to resolve the recorded feasibility constraints before commercial negotiation.,35.96,18687.0,519.08,0.999,888.75
49,0.5800819178082192,0.86724,78.16,21.54,51.25,53.21,38.74,52.35,50.31,PURSUE,37,9808.51,11.0,99000.0,1,3,True,False,47,5,5,157.0,0,0.0,25.0,0.7388948569999597,1,119,67.73424657534247,19204.337260273973,0.0,Highly Sensitive,0.0,0.0,40.91,31,53,6.39,HIGH_DEMAND|STRONG_METRO_ACCESS|SUSTAINED_UTILIZATION,LOW_REVENUE|LOW_OWNER_READINESS|DOCUMENTATION_GAP|CAPEX_REQUIRED|COMPETITOR_PRICE_PRESSURE,Assign senior BD to resolve the recorded feasibility constraints before commercial negotiation.,67.73,19204.34,190.14,0.6706,327.78
50,0.4732846575342466,0.73328,65.44,31.38,61.18,72.51,36.7,55.92,53.04,PURSUE,33,12970.84,13.5,98000.0,3,5,True,True,55,0,5,502.0,0,0.0,55.0,1.419583279446576,1,119,44.87671232876713,18918.582712328767,0.0,Highly Sensitive,0.0,0.0,33.73,29,41,2.93,HIGH_DEMAND|LOW_COMPETITION|NETWORK_GAP|STRONG_METRO_ACCESS|SUSTAINED_UTILIZATION,LOW_OWNER_READINESS|DECISION_MAKER_BLOCKED|CAPEX_REQUIRED,Assign senior BD to resolve the recorded feasibility constraints before commercial negotiation.,44.88,18918.58,370.95,0.8799,783.78
51,0.6188747945205479,0.90452,81.42,45.81,88.87,70.94,87.71,70.41,73.01,ACQUIRE_NOW,6,25313.81,15.0,83000.0,5,2,True,True,29,0,1,601.0,0,0.0,55.0,2.344830114045606,0,0,84.66301369863014,23904.90506849315,90.0,Very Stable,90.91,100.0,6.0,2,15,3.33,HIGH_DEMAND|LOW_COMPETITION|NETWORK_GAP|HIGH_OWNER_READINESS|STRONG_METRO_ACCESS|CAPACITY_EFFICIENT_REVENUE|SUSTAINED_UTILIZATION,CAPEX_REQUIRED,Prioritise for named-owner outreach and commercial diligence.,84.66,23904.91,318.73,1.1288,515.02
52,0.6198808219178082,0.89492,81.91,86.48,56.63,82.67,74.73,78.93,78.3,ACQUIRE_NOW,1,181556.39,22.5,82000.0,3,3,False,False,33,0,3,515.0,1,0.3333333333333333,30.0,2.703623013102439,0,0,445.65479452054797,119453.90463013698,100.0,Very Stable,100.0,100.0,1.18,1,2,0.39,HIGH_DEMAND|HIGH_REVENUE|NETWORK_GAP|HIGH_OWNER_READINESS|CAPACITY_EFFICIENT_REVENUE|SUSTAINED_UTILIZATION,COMPETITOR_PRICE_PRESSURE,Prioritise for named-owner outreach and commercial diligence.,445.65,119453.9,344.25,1.2843,555.34
53,0.15213068493150686,0.40456000000000003,10.93,34.48,59.95,77.1,76.64,38.18,43.95,DEVELOP,53,20485.99,19.5,87500.0,3,4,False,True,22,2,4,306.0,1,0.25,75.0,4.654980851359576,0,0,46.04383561643836,18668.075342465752,0.0,Highly Sensitive,0.0,0.0,51.09,41,61,6.49,NETWORK_GAP|HIGH_OWNER_READINESS,LOW_DEMAND,Use sequenced low-cost outreach and validate the opportunity before escalating resources.,46.04,18668.08,85.63,0.2112,562.89
54,0.27615616438356166,0.52422,20.16,15.49,55.31,70.51,39.17,33.87,34.67,AVOID,85,6867.74,15.5,103000.0,2,5,True,True,51,2,3,466.0,1,0.3333333333333333,30.0,4.867127454794019,0,0,22.731506849315068,13170.583671232876,0.0,Highly Sensitive,0.0,0.0,83.27,68,90,5.56,NETWORK_GAP,LOW_REVENUE|LOW_OWNER_READINESS|DOCUMENTATION_GAP|CAPEX_REQUIRED|COMPETITOR_PRICE_PRESSURE,Do not allocate active BD capacity; revisit only when the market or owner posture changes.,22.73,13170.58,202.62,0.3497,733.73
55,0.6243394520547946,0.9064,81.44,60.94,50.43,77.97,48.19,69.32,66.15,PURSUE,15,66077.76,12.0,146500.0,3,4,True,False,45,0,3,515.0,2,0.6666666666666666,35.0,3.051053550772706,0,0,272.6876712328767,86521.55432876712,0.0,Highly Sensitive,9.09,100.0,14.27,9,20,2.77,HIGH_DEMAND|HIGH_REVENUE|NETWORK_GAP|STRONG_METRO_ACCESS|CAPACITY_EFFICIENT_REVENUE|SUSTAINED_UTILIZATION,HIGH_ONBOARDING_COST|DECISION_MAKER_BLOCKED|CAPEX_REQUIRED|COMPETITOR_PRICE_PRESSURE,Assign senior BD to resolve the recorded feasibility constraints before commercial negotiation.,272.69,86521.55,363.54,1.1457,582.27
56,0.2975898630136986,0.54124,22.51,28.93,54.3,77.19,57.91,39.66,42.4,DEVELOP,59,15594.69,18.5,97000.0,3,2,True,True,34,3,5,306.0,1,0.2,35.0,4.959030162021704,0,0,64.81095890410958,24949.575260273974,0.0,Highly Sensitive,0.0,0.0,56.73,48,60,3.69,NETWORK_GAP,CAPEX_REQUIRED,Use sequenced low-cost outreach and validate the opportunity before escalating resources.,64.81,24949.58,113.41,0.2946,381.09
57,0.2763372602739726,0.5301,16.27,22.02,51.69,40.25,29.01,28.45,28.53,AVOID,110,9808.48,13.0,88500.0,2,4,True,False,49,1,1,80.0,1,1.0,40.0,1.009398990936078,1,99,17.44109589041096,18307.45120547945,0.0,Highly Sensitive,0.0,0.0,109.45,103,114,3.03,,LOW_DEMAND|LOW_STRATEGIC_FIT|LOW_OWNER_READINESS|DOCUMENTATION_GAP|DECISION_MAKER_BLOCKED|CAPEX_REQUIRED,Do not allocate active BD capacity; revisit only when the market or owner posture changes.,17.44,18307.45,210.43,0.2005,761.5
58,0.18043780821917807,0.42594,4.45,0.0,67.52,39.07,47.6,20.38,24.46,AVOID,115,471.35,9.0,48000.0,2,4,False,True,37,1,1,80.0,0,0.0,15.0,1.0860578270504082,1,99,2.410958904109589,1731.9216712328766,0.0,Highly Sensitive,0.0,0.0,115.09,112,117,1.68,LOW_COMPETITION,LOW_DEMAND|LOW_REVENUE|LOW_STRATEGIC_FIT|DOCUMENTATION_GAP|COMPETITOR_PRICE_PRESSURE,Do not allocate active BD capacity; revisit only when the market or owner posture changes.,2.41,1731.92,44.41,0.0618,246.11
59,0.21919945205479452,0.46012000000000003,11.71,25.47,95.5,49.76,45.86,37.26,38.55,AVOID,71,13085.62,16.0,90500.0,3,3,False,False,27,0,0,1500.0,0,0.0,,1.008391363822985,1,99,25.246575342465754,20021.814383561643,0.0,Highly Sensitive,0.0,0.0,70.0,58,77,4.61,LOW_COMPETITION,LOW_DEMAND|DECISION_MAKER_BLOCKED,Do not allocate active BD capacity; revisit only when the market or owner posture changes.,25.25,20021.81,91.01,0.1148,415.18
60,0.3487068493150685,0.59944,24.53,16.84,54.53,55.46,36.47,33.02,33.54,AVOID,92,7754.93,15.5,83500.0,3,3,True,False,35,2,2,309.0,0,0.0,25.0,2.1859224126721903,1,99,13.263013698630138,15825.004301369863,0.0,Highly Sensitive,0.0,0.0,92.18,86,99,3.83,,LOW_REVENUE|LOW_OWNER_READINESS|DECISION_MAKER_BLOCKED|CAPEX_REQUIRED|COMPETITOR_PRICE_PRESSURE,Do not allocate active BD capacity; revisit only when the market or owner posture changes.,13.26,15825.0,163.14,0.1367,467.86
61,0.2510367123287671,0.49022,10.59,23.97,55.4,59.77,64.45,31.11,36.11,AVOID,78,11706.76,16.0,82000.0,5,3,False,True,18,2,2,420.0,0,0.0,15.0,1.9416788644183056,1,99,27.002739726027396,18833.89893150685,0.0,Highly Sensitive,0.0,0.0,77.09,69,89,5.23,,LOW_DEMAND|DECISION_MAKER_BLOCKED|COMPETITOR_PRICE_PRESSURE,Do not allocate active BD capacity; revisit only when the market or owner posture changes.,27.0,18833.9,119.96,0.172,477.86
62,0.20054,0.4762,17.42,20.71,29.52,38.35,50.29,24.22,28.13,AVOID,111,9282.24,14.0,51000.0,2,2,False,False,21,4,10,91.0,1,0.1,60.0,0.8760870404736335,1,151,7.0,19005.3098630137,0.0,Highly Sensitive,0.0,0.0,110.0,108,113,1.35,,LOW_REVENUE|HIGH_COMPETITION|LOW_STRATEGIC_FIT|DOCUMENTATION_GAP|COMPETITOR_PRICE_PRESSURE,Do not allocate active BD capacity; revisit only when the market or owner posture changes.,7.0,19005.31,208.85,0.0769,1041.44
63,0.26192301369863014,0.54994,23.6,44.61,31.88,41.34,56.6,34.37,37.71,AVOID,74,32924.78,13.5,63500.0,3,3,False,True,20,4,10,91.0,1,0.1,80.0,0.8747181553592274,1,151,23.97808219178082,55018.78326027397,0.0,Highly Sensitive,0.0,0.0,74.73,68,85,4.02,,LOW_STRATEGIC_FIT|DECISION_MAKER_BLOCKED,Do not allocate active BD capacity; revisit only when the market or owner posture changes.,23.98,55018.78,250.09,0.109,954.8
64,0.2427427397260274,0.5102599999999999,21.07,20.23,28.01,31.74,46.05,23.93,27.25,AVOID,113,9469.78,13.0,67000.0,3,2,False,False,18,4,12,117.0,0,0.0,50.0,0.6245574979195818,1,151,10.167123287671233,20055.764273972603,0.0,Highly Sensitive,0.0,0.0,113.09,111,116,1.31,,LOW_REVENUE|HIGH_COMPETITION|LOW_STRATEGIC_FIT|DECISION_MAKER_BLOCKED|COMPETITOR_PRICE_PRESSURE,Do not allocate active BD capacity; revisit only when the market or owner posture changes.,10.17,20055.76,159.17,0.0807,655.73
65,0.25670904109589043,0.5337000000000001,22.75,40.16,29.19,31.96,71.33,30.63,36.74,AVOID,77,27383.22,15.0,89000.0,5,4,False,True,44,4,11,117.0,1,0.09090909090909091,40.0,0.5365118818240086,1,151,33.945205479452056,32706.21789041096,0.0,Highly Sensitive,0.0,0.0,79.18,74,90,5.25,HIGH_OWNER_READINESS,HIGH_COMPETITION|LOW_STRATEGIC_FIT|DECISION_MAKER_BLOCKED,Do not allocate active BD capacity; revisit only when the market or owner posture changes.,33.95,32706.22,132.95,0.138,517.91
66,0.2692876712328767,0.5541400000000001,23.88,26.42,42.86,45.93,59.78,31.86,36.05,AVOID,79,13139.48,15.0,86000.0,4,2,True,True,28,3,6,263.0,1,0.16666666666666666,35.0,1.0856289259141023,1,151,18.194520547945206,21477.79879452055,0.0,Highly Sensitive,0.0,0.0,79.45,78,83,1.3,,DECISION_MAKER_BLOCKED|CAPEX_REQUIRED,Do not allocate active BD capacity; revisit only when the market or owner posture changes.,18.19,21477.8,143.19,0.1213,531.72
67,0.2799205479452055,0.55718,24.22,49.83,31.65,26.9,82.33,33.53,40.85,DEVELOP,65,43629.21,18.0,88500.0,3,3,False,True,35,4,12,203.0,0,0.0,45.0,0.34288297756774866,1,151,45.172602739726024,43775.733232876715,0.0,Highly Sensitive,0.0,0.0,64.45,56,74,4.7,HIGH_OWNER_READINESS,HIGH_COMPETITION|LOW_STRATEGIC_FIT|NETWORK_CANNIBALIZATION_RISK,Use sequenced low-cost outreach and validate the opportunity before escalating resources.,45.17,43775.73,157.47,0.1625,562.54
68,0.26414164383561645,0.53978,19.64,65.16,31.64,32.15,87.26,37.35,44.84,DEVELOP,52,89145.19,21.0,104500.0,5,2,False,True,22,5,12,183.0,1,0.08333333333333333,50.0,0.44629502291637724,1,151,78.96164383561644,83084.04419178082,0.0,Highly Sensitive,0.0,0.0,52.0,43,62,5.01,HIGH_REVENUE|HIGH_OWNER_READINESS,HIGH_COMPETITION|LOW_STRATEGIC_FIT,Use sequenced low-cost outreach and validate the opportunity before escalating resources.,78.96,83084.04,226.39,0.2152,857.07
69,0.24965315068493152,0.53132,16.79,30.36,35.25,31.81,60.13,26.69,31.71,AVOID,99,14057.79,18.0,87000.0,4,2,True,True,32,4,11,219.0,2,0.18181818181818182,95.0,0.6637072091531805,1,151,10.043835616438356,16062.698301369863,0.0,Highly Sensitive,0.0,0.0,99.55,93,105,3.77,,LOW_DEMAND|LOW_STRATEGIC_FIT|DECISION_MAKER_BLOCKED|CAPEX_REQUIRED,Do not allocate active BD capacity; revisit only when the market or owner posture changes.,10.04,16062.7,200.78,0.1255,804.25
70,0.2144123287671233,0.47790000000000005,17.85,0.0,59.29,56.14,47.43,26.67,29.78,AVOID,105,2519.08,11.5,70000.0,3,2,True,False,30,1,4,494.0,0,0.0,40.0,1.5796498880929004,1,151,4.501369863013698,6698.774438356164,0.0,Highly Sensitive,0.0,0.0,103.45,96,113,4.98,,LOW_REVENUE|CAPEX_REQUIRED,Do not allocate active BD capacity; revisit only when the market or owner posture changes.,4.5,6698.77,113.54,0.0763,529.53
71,0.13643095890410958,0.38882,8.68,34.53,28.75,43.6,45.73,25.99,28.95,AVOID,107,21798.88,15.0,127000.0,2,4,True,True,43,3,9,178.0,2,0.2222222222222222,25.0,0.8379425354088269,1,151,23.86849315068493,41850.45654794521,0.0,Highly Sensitive,0.0,0.0,106.91,96,112,4.21,,LOW_DEMAND|HIGH_COMPETITION|LOW_STRATEGIC_FIT|HIGH_ONBOARDING_COST|DOCUMENTATION_GAP|CAPEX_REQUIRED|COMPETITOR_PRICE_PRESSURE,Do not allocate active BD capacity; revisit only when the market or owner posture changes.,23.87,41850.46,115.61,0.0659,847.38
72,0.3113213698630137,0.5767599999999999,27.19,55.36,46.01,61.9,56.28,44.92,46.63,AVOID,46,57931.74,12.5,141000.0,3,2,True,False,31,0,5,526.0,1,0.2,45.0,3.382203262077104,0,0,152.0246575342466,93292.70482191781,0.0,Highly Sensitive,0.0,0.0,45.73,40,52,2.77,HIGH_REVENUE,HIGH_ONBOARDING_COST|CAPEX_REQUIRED,Do not allocate active BD capacity; revisit only when the market or owner posture changes.,152.02,93292.7,279.32,0.4552,897.21
73,0.2758772602739726,0.52752,18.85,23.16,35.85,56.28,61.18,29.72,34.44,AVOID,87,10999.39,12.0,45000.0,4,2,False,False,17,0,7,526.0,1,0.14285714285714285,25.0,3.2821861511582107,0,0,33.58904109589041,20624.537753424658,0.0,Highly Sensitive,0.0,0.0,85.45,77,92,4.12,,DECISION_MAKER_BLOCKED|COMPETITOR_PRICE_PRESSURE,Do not allocate active BD capacity; revisit only when the market or owner posture changes.,33.59,20624.54,157.44,0.2564,570.69
74,0.18050712328767124,0.44106,9.05,36.57,44.25,63.34,76.19,32.94,39.43,DEVELOP,68,24346.57,19.5,185000.0,4,3,True,True,37,0,6,544.0,0,0.0,20.0,2.979256869321902,0,0,83.14246575342466,23917.41884931507,0.0,Highly Sensitive,0.0,0.0,65.0,55,77,6.25,NETWORK_GAP|HIGH_OWNER_READINESS,LOW_DEMAND|HIGH_ONBOARDING_COST|CAPEX_REQUIRED|COMPETITOR_PRICE_PRESSURE,Use sequenced low-cost outreach and validate the opportunity before escalating resources.,83.14,23917.42,61.96,0.2154,343.27
75,0.20697013698630137,0.45862,10.19,60.51,58.56,66.22,74.07,43.41,48.01,DEVELOP,42,79142.91,18.5,161500.0,3,2,True,True,28,1,4,210.0,0,0.0,90.0,2.743459415925531,0,0,109.2027397260274,89683.63832876712,0.0,Highly Sensitive,0.0,0.0,40.18,34,52,4.88,HIGH_REVENUE|NETWORK_GAP|HIGH_OWNER_READINESS,LOW_DEMAND|HIGH_ONBOARDING_COST|CAPEX_REQUIRED,Use sequenced low-cost outreach and validate the opportunity before escalating resources.,109.2,89683.64,183.03,0.2229,884.32
76,0.2722221917808219,0.51318,17.08,0.0,41.73,54.34,16.63,22.98,22.03,AVOID,118,1661.69,10.5,49500.0,1,4,False,False,34,1,5,210.0,1,0.2,25.0,2.5337485238691078,0,0,8.69041095890411,5775.432657534247,0.0,Highly Sensitive,0.0,0.0,117.64,115,119,1.15,,LOW_DEMAND|LOW_REVENUE|LOW_OWNER_READINESS|DOCUMENTATION_GAP|DECISION_MAKER_BLOCKED|COMPETITOR_PRICE_PRESSURE,Do not allocate active BD capacity; revisit only when the market or owner posture changes.,8.69,5775.43,94.68,0.1425,347.8
77,0.27772438356164386,0.5265,22.13,24.78,43.63,56.42,43.47,32.75,34.36,AVOID,89,11969.85,12.5,99500.0,3,3,True,False,40,1,6,315.0,0,0.0,45.0,3.631114283624465,0,0,31.48767123287671,29593.938109589042,0.0,Highly Sensitive,0.0,0.0,87.45,79,93,3.87,,CAPEX_REQUIRED,Do not allocate active BD capacity; revisit only when the market or owner posture changes.,31.49,29593.94,217.6,0.2315,783.52
78,0.3140813698630137,0.55838,25.82,11.68,45.67,54.26,25.57,30.18,29.49,AVOID,106,5624.04,8.5,97000.0,2,5,True,False,61,2,5,296.0,0,0.0,35.0,3.6669921727838735,0,0,24.361643835616437,13738.459424657534,0.0,Highly Sensitive,0.0,0.0,105.73,96,112,4.07,,LOW_REVENUE|LOW_OWNER_READINESS|DOCUMENTATION_GAP|DECISION_MAKER_BLOCKED|CAPEX_REQUIRED|COMPETITOR_PRICE_PRESSURE,Do not allocate active BD capacity; revisit only when the market or owner posture changes.,24.36,13738.46,236.87,0.42,754.17
79,0.271087397260274,0.51978,18.1,1.07,76.46,54.15,35.19,29.75,30.57,AVOID,104,2078.17,11.5,69000.0,1,2,True,True,23,0,2,809.0,0,0.0,35.0,2.6891059305242977,0,0,9.95068493150685,4196.969506849315,0.0,Highly Sensitive,0.0,0.0,101.91,94,108,4.34,LOW_COMPETITION,LOW_REVENUE|LOW_OWNER_READINESS|DOCUMENTATION_GAP|DECISION_MAKER_BLOCKED|CAPEX_REQUIRED,Do not allocate active BD capacity; revisit only when the market or owner posture changes.,9.95,4196.97,155.44,0.3685,573.41
80,0.3922654794520548,0.64,34.24,32.13,56.37,55.81,43.26,41.33,41.62,AVOID,61,16427.0,14.5,81500.0,3,2,True,True,39,1,2,77.0,1,0.5,35.0,2.727430216733498,0,0,52.797260273972604,30453.60523287671,0.0,Highly Sensitive,0.0,0.0,61.36,54,66,3.28,,LOW_OWNER_READINESS|DECISION_MAKER_BLOCKED|CAPEX_REQUIRED,Do not allocate active BD capacity; revisit only when the market or owner posture changes.,52.8,30453.61,267.14,0.4631,681.01
81,0.275027397260274,0.52154,18.62,10.59,37.61,54.73,57.27,25.98,30.67,AVOID,103,5509.03,13.5,88000.0,3,3,True,True,26,1,6,296.0,1,0.16666666666666666,30.0,3.497731805802172,0,0,16.986301369863014,8895.019452054794,0.0,Highly Sensitive,0.0,0.0,101.45,94,107,3.31,,LOW_REVENUE|CAPEX_REQUIRED|COMPETITOR_PRICE_PRESSURE,Do not allocate active BD capacity; revisit only when the market or owner posture changes.,16.99,8895.02,118.6,0.2265,431.23
82,0.30702383561643837,0.5648,25.31,0.43,90.31,56.62,35.42,34.99,35.05,AVOID,82,3219.04,10.5,50500.0,2,3,False,False,35,0,1,831.0,0,0.0,55.0,2.912679295549218,0,0,11.235616438356164,9870.765424657535,0.0,Highly Sensitive,0.0,0.0,82.0,71,97,6.73,LOW_COMPETITION,LOW_REVENUE|LOW_OWNER_READINESS|DOCUMENTATION_GAP,Do not allocate active BD capacity; revisit only when the market or owner posture changes.,11.24,9870.77,161.82,0.1842,527.05
83,0.3265668493150685,0.5989,30.52,70.58,66.6,64.71,57.57,54.7,55.13,ACQUIRE_NOW,30,94153.26,21.5,140000.0,5,4,True,False,62,0,1,831.0,1,1.0,70.0,2.1162891975567115,0,0,103.06301369863014,80126.26071232876,0.0,Highly Sensitive,0.0,0.0,29.55,25,34,2.27,HIGH_REVENUE|LOW_COMPETITION|NETWORK_GAP|CAPACITY_EFFICIENT_REVENUE,HIGH_ONBOARDING_COST|DECISION_MAKER_BLOCKED|CAPEX_REQUIRED,Prioritise for named-owner outreach and commercial diligence.,103.06,80126.26,328.39,0.4224,1005.57
84,0.20340657534246576,0.45618000000000003,9.92,53.24,85.93,70.42,46.58,46.75,46.72,PURSUE,45,59277.14,17.0,270000.0,3,3,True,True,43,0,1,930.0,0,0.0,45.0,4.724804797355503,0,0,114.9972602739726,80325.66290410959,0.0,Highly Sensitive,0.0,0.0,44.73,36,51,4.43,LOW_COMPETITION|NETWORK_GAP,LOW_DEMAND|HIGH_ONBOARDING_COST|DECISION_MAKER_BLOCKED|CAPEX_REQUIRED,Assign senior BD to resolve the recorded feasibility constraints before commercial negotiation.,115.0,80325.66,124.92,0.1788,614.16
85,0.37084465753424656,0.64902,35.05,45.88,92.59,59.1,86.6,52.63,57.73,ACQUIRE_NOW,27,29519.0,18.5,58500.0,4,2,False,False,11,0,1,930.0,0,0.0,65.0,5.0175378337374505,0,0,52.44931506849315,27895.034410958902,0.0,Highly Sensitive,0.0,18.18,25.64,12,32,5.4,LOW_COMPETITION|HIGH_OWNER_READINESS,,Prioritise for named-owner outreach and commercial diligence.,52.45,27895.03,238.42,0.4483,642.91
86,0.36218465753424656,0.63986,29.8,36.19,67.02,56.97,77.38,43.04,48.19,DEVELOP,41,17176.44,14.5,46000.0,4,2,False,False,17,0,2,908.0,1,0.5,70.0,2.139067464533967,0,0,27.46027397260274,23649.242301369864,0.0,Highly Sensitive,0.0,0.0,40.91,34,48,3.6,LOW_COMPETITION|HIGH_OWNER_READINESS,,Use sequenced low-cost outreach and validate the opportunity before escalating resources.,27.46,23649.24,342.74,0.398,946.32
87,0.251547397260274,0.51364,17.8,44.63,45.32,30.74,60.65,32.83,37.0,AVOID,75,37595.81,15.0,225500.0,4,4,True,True,40,3,8,201.0,0,0.0,50.0,0.4697160016285701,1,191,53.07397260273972,57329.878219178085,0.0,Highly Sensitive,0.0,0.0,77.73,71,91,5.28,,LOW_STRATEGIC_FIT|HIGH_ONBOARDING_COST|CAPEX_REQUIRED,Do not allocate active BD capacity; revisit only when the market or owner posture changes.,53.07,57329.88,113.75,0.1053,452.2
88,0.21441260273972604,0.48254,15.57,33.68,32.82,15.18,49.89,23.87,27.77,AVOID,112,20457.49,17.5,134500.0,3,2,True,False,28,4,10,87.0,1,0.1,40.0,0.09734908937901376,1,191,24.224657534246575,30583.851698630137,0.0,Highly Sensitive,0.0,0.0,111.73,102,118,3.69,,LOW_DEMAND|LOW_STRATEGIC_FIT|HIGH_ONBOARDING_COST|DECISION_MAKER_BLOCKED|CAPEX_REQUIRED|NETWORK_CANNIBALIZATION_RISK,Do not allocate active BD capacity; revisit only when the market or owner posture changes.,24.22,30583.85,103.32,0.0818,481.89
89,0.21086328767123289,0.47908,16.89,13.87,22.31,12.49,42.3,16.18,20.1,AVOID,120,6700.63,11.0,49500.0,4,3,False,True,32,5,12,87.0,4,0.3333333333333333,50.0,0.13355765191139227,1,191,9.35890410958904,13451.69797260274,0.0,Highly Sensitive,0.0,0.0,119.73,119,120,0.45,,LOW_DEMAND|LOW_REVENUE|HIGH_COMPETITION|LOW_STRATEGIC_FIT|LOW_OWNER_READINESS|DECISION_MAKER_BLOCKED|NETWORK_CANNIBALIZATION_RISK,Do not allocate active BD capacity; revisit only when the market or owner posture changes.,9.36,13451.7,135.88,0.0945,644.38
90,0.3083586301369863,0.59976,25.53,53.75,49.56,34.58,62.17,39.67,43.04,DEVELOP,56,55968.3,20.5,167500.0,4,4,True,False,52,1,5,201.0,0,0.0,35.0,0.6706025480103233,1,191,57.50410958904109,69859.27410958904,0.0,Highly Sensitive,0.0,0.0,57.18,51,66,3.61,,LOW_STRATEGIC_FIT|HIGH_ONBOARDING_COST|CAPEX_REQUIRED,Use sequenced low-cost outreach and validate the opportunity before escalating resources.,57.5,69859.27,176.41,0.1452,572.1
91,0.11392849315068493,0.35378,9.34,0.09,33.12,20.37,66.3,12.76,20.79,AVOID,119,3215.42,14.0,40000.0,4,2,False,False,14,5,12,183.0,2,0.16666666666666666,65.0,0.3883043416420064,1,191,3.4931506849315066,5902.698109589041,0.0,Highly Sensitive,0.0,0.0,118.91,117,120,1.0,,LOW_DEMAND|LOW_REVENUE|LOW_STRATEGIC_FIT|NETWORK_CANNIBALIZATION_RISK,Do not allocate active BD capacity; revisit only when the market or owner posture changes.,3.49,5902.7,62.13,0.0368,545.37
92,0.21533506849315068,0.48766,11.54,5.34,56.08,39.45,34.96,22.5,24.37,AVOID,116,4211.08,10.0,49500.0,2,3,False,True,24,1,3,95.0,0,0.0,25.0,1.045289484693252,1,191,7.0849315068493155,13432.790082191781,0.0,Highly Sensitive,0.0,0.0,115.45,114,117,0.99,,LOW_DEMAND|LOW_REVENUE|LOW_STRATEGIC_FIT|LOW_OWNER_READINESS|DOCUMENTATION_GAP|DECISION_MAKER_BLOCKED|COMPETITOR_PRICE_PRESSURE,Do not allocate active BD capacity; revisit only when the market or owner posture changes.,7.08,13432.79,184.01,0.0971,854.53
93,0.22272465753424658,0.49486,12.25,29.51,54.41,41.91,81.76,30.0,37.77,AVOID,73,15234.74,18.0,88000.0,5,2,True,True,35,1,3,95.0,1,0.3333333333333333,45.0,1.0818084655018674,1,191,15.684931506849315,17870.58131506849,0.0,Highly Sensitive,0.0,0.0,73.27,62,85,5.51,HIGH_OWNER_READINESS,LOW_DEMAND|LOW_STRATEGIC_FIT|CAPEX_REQUIRED,Do not allocate active BD capacity; revisit only when the market or owner posture changes.,15.68,17870.58,120.75,0.106,542.14
94,0.1526082191780822,0.41656,7.24,18.94,53.41,53.56,54.82,27.0,31.18,AVOID,101,8755.92,18.5,85000.0,4,3,True,False,36,0,6,740.0,1,0.16666666666666666,55.0,1.691707584924571,1,191,8.778082191780822,10281.51394520548,0.0,Highly Sensitive,0.0,0.0,99.64,94,106,3.17,,LOW_DEMAND|LOW_REVENUE|DECISION_MAKER_BLOCKED|CAPEX_REQUIRED,Do not allocate active BD capacity; revisit only when the market or owner posture changes.,8.78,10281.51,91.8,0.0784,601.54
95,0.2615298630136986,0.53948,16.86,43.94,45.05,60.25,42.58,37.45,38.22,AVOID,72,35896.87,12.5,142000.0,3,4,True,False,49,4,6,107.0,1,0.16666666666666666,55.0,2.1608562192306446,1,191,48.00821917808219,67966.81106849315,0.0,Highly Sensitive,0.0,0.0,71.0,62,79,4.16,,LOW_DEMAND|LOW_OWNER_READINESS|HIGH_ONBOARDING_COST|DECISION_MAKER_BLOCKED|CAPEX_REQUIRED,Do not allocate active BD capacity; revisit only when the market or owner posture changes.,48.01,67966.81,149.05,0.1053,569.92
96,0.11993123287671233,0.37762,7.11,20.26,40.88,55.49,71.79,25.47,32.42,AVOID,96,9964.26,18.0,118500.0,4,3,True,False,39,4,7,107.0,0,0.0,30.0,2.2114543496234056,1,191,13.205479452054794,11260.508410958904,0.0,Highly Sensitive,0.0,0.0,93.0,82,105,6.67,HIGH_OWNER_READINESS,LOW_DEMAND|LOW_REVENUE|HIGH_ONBOARDING_COST|CAPEX_REQUIRED,Do not allocate active BD capacity; revisit only when the market or owner posture changes.,13.21,11260.51,53.37,0.0626,444.98
97,0.39190054794520546,0.65954,36.69,9.59,68.16,39.88,29.72,34.83,34.07,AVOID,90,5067.7,11.5,87500.0,2,4,True,False,43,0,2,677.0,1,0.5,45.0,0.9313044126464222,1,134,25.53972602739726,10277.627479452054,0.0,Highly Sensitive,0.0,0.0,91.45,72,101,7.9,LOW_COMPETITION,LOW_REVENUE|LOW_STRATEGIC_FIT|LOW_OWNER_READINESS|DOCUMENTATION_GAP|DECISION_MAKER_BLOCKED|CAPEX_REQUIRED,Do not allocate active BD capacity; revisit only when the market or owner posture changes.,25.54,10277.63,180.31,0.4481,460.09
98,0.20552712328767123,0.46348,14.73,31.03,65.27,28.95,29.68,30.95,30.76,AVOID,102,16561.98,12.5,70000.0,1,2,False,False,23,1,4,481.0,0,0.0,85.0,0.31971461202710816,1,134,43.61369863013699,40940.30019178082,0.0,Highly Sensitive,0.0,0.0,102.27,89,111,5.29,LOW_COMPETITION,LOW_DEMAND|LOW_STRATEGIC_FIT|LOW_OWNER_READINESS|DOCUMENTATION_GAP|DECISION_MAKER_BLOCKED|NETWORK_CANNIBALIZATION_RISK,Do not allocate active BD capacity; revisit only when the market or owner posture changes.,43.61,40940.3,257.49,0.2743,1252.81
99,0.3448978082191781,0.61248,29.11,43.46,67.1,54.8,63.81,44.57,47.46,DEVELOP,43,32083.57,17.5,100000.0,3,3,False,True,30,0,3,717.0,0,0.0,30.0,1.015416757107372,1,134,122.52876712328766,52000.15106849315,0.0,Highly Sensitive,0.0,0.0,43.55,42,47,1.3,LOW_COMPETITION,,Use sequenced low-cost outreach and validate the opportunity before escalating resources.,122.53,52000.15,206.35,0.4862,598.29
100,0.3655117808219178,0.62368,33.54,18.73,84.62,59.82,24.4,42.83,40.07,AVOID,67,8554.52,7.5,102500.0,2,4,True,False,45,1,1,176.0,0,0.0,55.0,2.68507136543401,1,134,58.942465753424656,32495.357835616436,0.0,Highly Sensitive,0.0,0.0,67.27,56,77,5.03,LOW_COMPETITION,LOW_REVENUE|LOW_OWNER_READINESS|DOCUMENTATION_GAP|DECISION_MAKER_BLOCKED|CAPEX_REQUIRED,Do not allocate active BD capacity; revisit only when the market or owner posture changes.,58.94,32495.36,321.74,0.5836,880.23
101,0.27114520547945203,0.54508,23.11,51.19,81.12,48.79,70.33,46.14,49.77,DEVELOP,38,49849.65,22.0,142500.0,5,4,False,False,38,1,1,120.0,0,0.0,50.0,0.8149111048890813,1,221,42.23287671232877,61288.00490410959,0.0,Highly Sensitive,0.0,0.0,37.64,31,46,3.84,LOW_COMPETITION|HIGH_OWNER_READINESS,HIGH_ONBOARDING_COST,Use sequenced low-cost outreach and validate the opportunity before escalating resources.,42.23,61288.0,153.6,0.1058,566.5
102,0.30592054794520546,0.5887,26.66,45.41,73.16,40.82,64.71,42.88,46.15,DEVELOP,47,29273.71,12.5,60000.0,3,2,False,False,26,1,2,120.0,0,0.0,120.0,0.9336194651489869,1,221,20.49041095890411,48189.23794520548,0.0,Highly Sensitive,0.0,0.0,48.0,46,54,2.3,LOW_COMPETITION,LOW_STRATEGIC_FIT,Use sequenced low-cost outreach and validate the opportunity before escalating resources.,20.49,48189.24,398.26,0.1693,1301.84
103,0.1905345205479452,0.45498,9.19,6.28,95.5,33.83,33.7,27.91,28.78,AVOID,108,4456.55,11.0,71500.0,1,1,True,False,22,0,0,1500.0,0,0.0,,0.7545031010474532,1,221,7.556164383561644,8903.93597260274,0.0,Highly Sensitive,0.0,0.0,108.09,101,114,3.32,LOW_COMPETITION,LOW_DEMAND|LOW_REVENUE|LOW_STRATEGIC_FIT|LOW_OWNER_READINESS|DOCUMENTATION_GAP|DECISION_MAKER_BLOCKED|CAPEX_REQUIRED,Do not allocate active BD capacity; revisit only when the market or owner posture changes.,7.56,8903.94,111.3,0.0945,584.14
104,0.37802438356164386,0.6692,36.64,47.92,46.06,66.03,61.33,46.81,48.99,ACQUIRE_NOW,40,42658.7,13.5,143500.0,4,3,False,True,31,1,5,443.0,2,0.4,50.0,1.4066617053888149,1,221,53.016438356164386,86044.13024657534,0.0,Highly Sensitive,0.0,0.0,39.73,36,45,2.09,NETWORK_GAP,HIGH_ONBOARDING_COST,Prioritise for named-owner outreach and commercial diligence.,53.02,86044.13,218.94,0.1349,579.17
105,0.3139405479452055,0.56516,26.44,28.99,61.26,37.16,68.31,35.22,40.19,DEVELOP,66,16442.99,15.0,92500.0,4,4,False,False,37,1,3,481.0,1,0.3333333333333333,15.0,0.4306463934957198,1,108,57.038356164383565,26605.818273972603,0.0,Highly Sensitive,0.0,0.0,66.36,61,72,3.11,LOW_COMPETITION|HIGH_OWNER_READINESS,LOW_STRATEGIC_FIT,Use sequenced low-cost outreach and validate the opportunity before escalating resources.,57.04,26605.82,65.53,0.1405,208.74
106,0.2755416438356164,0.51354,21.38,33.41,56.23,31.44,37.68,32.85,33.57,AVOID,91,19191.01,11.5,73000.0,3,4,False,True,45,0,4,579.0,1,0.25,30.0,0.4376625005481046,1,108,37.1945205479452,35733.86175342466,0.0,Highly Sensitive,0.0,0.0,93.27,81,104,6.09,,LOW_STRATEGIC_FIT|LOW_OWNER_READINESS|DECISION_MAKER_BLOCKED,Do not allocate active BD capacity; revisit only when the market or owner posture changes.,37.19,35733.86,180.47,0.1879,654.98
107,0.2563019178082192,0.5077200000000001,17.0,22.27,64.32,48.9,48.21,32.53,34.88,AVOID,83,9715.8,12.5,49500.0,1,2,False,True,17,1,3,249.0,0,0.0,60.0,1.2473129303747343,1,108,9.317808219178081,24405.363945205478,0.0,Highly Sensitive,0.0,0.0,84.0,79,88,2.45,LOW_COMPETITION,LOW_DEMAND|DOCUMENTATION_GAP,Do not allocate active BD capacity; revisit only when the market or owner posture changes.,9.32,24405.36,316.95,0.121,1236.64
108,0.3230704109589041,0.5781000000000001,25.28,17.7,67.99,53.8,34.61,35.62,35.47,AVOID,81,8312.38,14.0,70500.0,1,3,False,False,22,1,3,249.0,0,0.0,40.0,1.3317220206434137,1,108,13.106849315068493,17255.679260273973,0.0,Highly Sensitive,0.0,0.0,81.73,74,91,3.72,LOW_COMPETITION,LOW_REVENUE|LOW_OWNER_READINESS|DOCUMENTATION_GAP,Do not allocate active BD capacity; revisit only when the market or owner posture changes.,13.11,17255.68,141.44,0.1074,437.8
109,0.3418208219178082,0.604,27.59,1.33,78.13,53.75,33.63,33.4,33.44,AVOID,93,2384.56,9.0,46500.0,2,4,False,False,39,0,2,819.0,0,0.0,35.0,1.949006766663754,1,108,5.909589041095891,5632.241808219178,0.0,Highly Sensitive,0.0,0.0,91.45,78,101,6.18,LOW_COMPETITION,LOW_REVENUE|LOW_OWNER_READINESS|DOCUMENTATION_GAP|DECISION_MAKER_BLOCKED,Do not allocate active BD capacity; revisit only when the market or owner posture changes.,5.91,5632.24,201.15,0.2111,588.47
110,0.20181890410958905,0.44828,6.5,23.98,50.62,57.76,57.54,28.47,32.83,AVOID,94,11462.66,16.0,63500.0,1,2,False,False,21,1,3,485.0,0,0.0,35.0,2.5162641242095165,0,0,18.78904109589041,15799.174767123288,0.0,Highly Sensitive,0.0,0.0,92.55,84,103,5.4,,LOW_DEMAND|DOCUMENTATION_GAP,Do not allocate active BD capacity; revisit only when the market or owner posture changes.,18.79,15799.17,119.69,0.1423,593.06
111,0.33149890410958904,0.56924,23.32,13.96,27.47,56.99,56.75,27.24,31.67,AVOID,100,6864.53,16.5,96000.0,3,3,True,False,31,3,5,39.0,1,0.2,25.0,1.690299119239822,0,0,15.4,11105.156246575341,0.0,Highly Sensitive,0.0,0.0,98.64,89,105,4.81,,LOW_REVENUE|HIGH_COMPETITION|CAPEX_REQUIRED,Do not allocate active BD capacity; revisit only when the market or owner posture changes.,15.4,11105.16,91.78,0.1273,276.86
112,0.27054493150684933,0.5074000000000001,15.66,33.17,26.47,58.53,59.57,30.28,34.68,AVOID,84,17991.86,22.0,108500.0,4,3,True,False,34,3,5,39.0,0,0.0,15.0,1.704575089873221,0,0,25.194520547945206,22044.784,0.0,Highly Sensitive,0.0,0.0,85.45,73,93,6.13,,LOW_DEMAND|HIGH_COMPETITION|HIGH_ONBOARDING_COST|DECISION_MAKER_BLOCKED|CAPEX_REQUIRED|COMPETITOR_PRICE_PRESSURE,Do not allocate active BD capacity; revisit only when the market or owner posture changes.,25.19,22044.78,154.16,0.1762,569.81
113,0.28766082191780823,0.53746,17.67,5.25,30.43,52.12,32.34,22.35,23.85,AVOID,117,4259.96,11.5,93500.0,3,3,True,False,45,3,4,274.0,2,0.5,35.0,1.4136146203149471,0,0,9.783561643835617,11558.163945205479,0.0,Highly Sensitive,0.0,0.0,116.09,112,118,1.83,,LOW_REVENUE|HIGH_COMPETITION|LOW_OWNER_READINESS|DECISION_MAKER_BLOCKED|CAPEX_REQUIRED,Do not allocate active BD capacity; revisit only when the market or owner posture changes.,9.78,11558.16,131.34,0.1112,456.59
114,0.26201753424657537,0.50206,13.34,9.0,50.74,58.6,40.64,26.65,28.75,AVOID,109,5317.76,13.5,103000.0,1,2,True,False,36,1,1,485.0,1,1.0,20.0,3.000350984716564,0,0,12.03013698630137,12433.692356164383,0.0,Highly Sensitive,0.0,0.0,108.18,101,112,2.95,,LOW_DEMAND|LOW_REVENUE|LOW_OWNER_READINESS|DOCUMENTATION_GAP|CAPEX_REQUIRED|COMPETITOR_PRICE_PRESSURE,Do not allocate active BD capacity; revisit only when the market or owner posture changes.,12.03,12433.69,86.35,0.0835,329.54
115,0.14681123287671233,0.39654,6.02,0.0,27.1,50.68,80.31,15.85,25.52,AVOID,114,2898.67,21.0,39000.0,4,2,False,True,20,4,4,274.0,2,0.5,20.0,1.3670655898568913,0,0,5.1726027397260275,3916.648273972603,0.0,Highly Sensitive,0.0,0.0,112.18,104,118,4.41,HIGH_OWNER_READINESS,LOW_DEMAND|LOW_REVENUE|HIGH_COMPETITION|COMPETITOR_PRICE_PRESSURE,Do not allocate active BD capacity; revisit only when the market or owner posture changes.,5.17,3916.65,45.02,0.0595,306.65
116,0.2452350684931507,0.48794,12.94,8.03,80.02,52.8,57.43,30.37,34.43,AVOID,88,4768.93,13.0,80000.0,3,3,True,False,49,1,1,320.0,0,0.0,40.0,1.6297976673055583,1,70,15.282191780821918,7900.524849315068,0.0,Highly Sensitive,0.0,0.0,86.0,70,94,6.45,LOW_COMPETITION,LOW_DEMAND|LOW_REVENUE|CAPEX_REQUIRED,Do not allocate active BD capacity; revisit only when the market or owner posture changes.,15.28,7900.52,121.55,0.2351,495.63
117,0.3184098630136986,0.5697599999999999,24.07,26.39,95.5,54.36,38.23,42.7,42.03,AVOID,60,12158.43,13.0,69500.0,2,4,False,True,34,0,0,1500.0,0,0.0,,1.803843556570728,1,70,44.1013698630137,19975.407726027395,0.0,Highly Sensitive,0.0,0.0,60.0,53,65,3.02,LOW_COMPETITION,LOW_OWNER_READINESS|DOCUMENTATION_GAP|DECISION_MAKER_BLOCKED,Do not allocate active BD capacity; revisit only when the market or owner posture changes.,44.1,19975.41,214.79,0.4742,674.57
118,0.3730002739726027,0.62862,28.85,60.61,54.59,65.68,56.66,49.23,50.35,PURSUE,36,78078.57,18.0,179500.0,4,4,False,True,26,1,2,108.0,1,0.5,35.0,1.5685059017675245,1,70,178.9150684931507,118403.07115068493,0.0,Highly Sensitive,0.0,0.0,36.27,32,39,1.81,HIGH_REVENUE|NETWORK_GAP,HIGH_ONBOARDING_COST|DECISION_MAKER_BLOCKED,Assign senior BD to resolve the recorded feasibility constraints before commercial negotiation.,178.92,118403.07,261.38,0.395,700.74
119,0.2385295890410959,0.49312,12.35,1.77,72.9,52.91,58.78,27.08,31.84,AVOID,97,3478.41,14.0,54500.0,3,3,False,False,8,1,1,108.0,0,0.0,20.0,1.5546508492603874,1,70,13.657534246575343,5634.798,0.0,Highly Sensitive,0.0,0.0,95.64,84,105,5.73,LOW_COMPETITION,LOW_DEMAND|LOW_REVENUE|COMPETITOR_PRICE_PRESSURE,Do not allocate active BD capacity; revisit only when the market or owner posture changes.,13.66,5634.8,84.1,0.2038,352.58
120,0.27619342465753427,0.5277000000000001,16.84,48.19,73.8,57.65,66.77,43.31,46.83,DEVELOP,44,34977.6,18.5,86000.0,3,1,True,True,28,1,2,320.0,0,0.0,80.0,1.8532791938214346,1,70,52.31232876712329,34938.51221917808,0.0,Highly Sensitive,0.0,0.0,44.45,40,49,2.74,LOW_COMPETITION|HIGH_OWNER_READINESS,LOW_DEMAND|DECISION_MAKER_BLOCKED|CAPEX_REQUIRED,Use sequenced low-cost outreach and validate the opportunity before escalating resources.,52.31,34938.51,229.86,0.3442,832.24
